,date,close,prediction
0,2023-03-17 08:30:00-05:00,4115.25,
6,2023-03-17 09:30:00-05:00,4082.0,
12,2023-03-17 10:30:00-05:00,4070.0,
18,2023-03-17 11:30:00-05:00,4083.75,
24,2023-03-17 12:30:00-05:00,4083.75,
30,2023-03-17 13:30:00-05:00,4067.75,
36,2023-03-17 14:30:00-05:00,4075.5,
42,2023-03-17 15:30:00-05:00,4079.5,
48,2023-03-20 09:00:00-05:00,4087.0,
54,2023-03-20 10:00:00-05:00,4106.0,
60,2023-03-20 11:00:00-05:00,4088.5,
66,2023-03-20 12:00:00-05:00,4105.75,
72,2023-03-20 13:00:00-05:00,4097.75,
78,2023-03-20 14:00:00-05:00,4098.0,
84,2023-03-20 15:00:00-05:00,4110.25,
90,2023-03-21 08:30:00-05:00,4146.25,
96,2023-03-21 09:30:00-05:00,4134.75,
102,2023-03-21 10:30:00-05:00,4134.5,4256.25
108,2023-03-21 11:30:00-05:00,4134.5,4268.25
114,2023-03-21 12:30:00-05:00,4144.25,4243.75
120,2023-03-21 13:30:00-05:00,4144.25,4278.25
126,2023-03-21 14:30:00-05:00,4160.25,4288.25
132,2023-03-21 15:30:00-05:00,4164.25,4304.75
138,2023-03-22 09:00:00-05:00,4161.75,4296.75
144,2023-03-22 10:00:00-05:00,4165.75,4321.75
150,2023-03-22 11:00:00-05:00,4161.75,4329.00
156,2023-03-22 12:00:00-05:00,4149.75,4326.00
162,2023-03-22 13:00:00-05:00,4569.75,4314.00
168,2023-03-22 14:00:00-05:00,4142.5,4302.25
174,2023-03-22 15:00:00-05:00,4098.25,4297.00
180,2023-03-23 08:30:00-05:00,4130.0,4307.50
186,2023-03-23 09:30:00-05:00,4143.75,4247.00
192,2023-03-23 10:30:00-05:00,4160.0,4228.00
198,2023-03-23 11:30:00-05:00,4150.25,4275.75
204,2023-03-23 12:30:00-05:00,4129.75,4314.50
210,2023-03-23 13:30:00-05:00,4101.5,4300.75
216,2023-03-23 14:30:00-05:00,4095.5,4335.75
222,2023-03-23 15:30:00-05:00,4113.0,4284.75
228,2023-03-24 09:00:00-05:00,4070.75,4300.75
234,2023-03-24 10:00:00-05:00,4067.25,4214.50
240,2023-03-24 11:00:00-05:00,4083.25,4300.75
246,2023-03-24 12:00:00-05:00,4091.0,4300.75
252,2023-03-24 13:00:00-05:00,4097.5,4284.75
258,2023-03-24 14:00:00-05:00,4102.25,4270.75
264,2023-03-24 15:00:00-05:00,4118.25,4265.50
270,2023-03-27 08:30:00-05:00,4138.25,4293.50
276,2023-03-27 09:30:00-05:00,4128.25,4270.00
282,2023-03-27 10:30:00-05:00,4128.5,4250.75
288,2023-03-27 11:30:00-05:00,4128.5,4280.00
294,2023-03-27 12:30:00-05:00,4549.75,4274.75
300,2023-03-27 13:30:00-05:00,4142.0,4300.75
306,2023-03-27 14:30:00-05:00,4134.0,4307.50
312,2023-03-27 15:30:00-05:00,4130.0,4302.75
318,2023-03-28 09:00:00-05:00,4124.0,4355.75
324,2023-03-28 10:00:00-05:00,4120.0,4330.50
330,2023-03-28 11:00:00-05:00,4124.0,4305.00
336,2023-03-28 12:00:00-05:00,4116.0,4300.75
342,2023-03-28 13:00:00-05:00,4104.0,4300.75
348,2023-03-28 14:00:00-05:00,4116.0,4285.50
354,2023-03-28 15:00:00-05:00,4127.0,4344.50
360,2023-03-29 08:30:00-05:00,4162.0,4296.00
366,2023-03-29 09:30:00-05:00,4158.0,4390.25
372,2023-03-29 10:30:00-05:00,4162.0,4365.25
378,2023-03-29 11:30:00-05:00,4165.75,4398.25
384,2023-03-29 12:30:00-05:00,4572.5,4452.50
390,2023-03-29 13:30:00-05:00,4572.5,4335.00
396,2023-03-29 14:30:00-05:00,4176.0,4463.25
402,2023-03-29 15:30:00-05:00,4180.0,4623.50
408,2023-03-30 09:00:00-05:00,4206.25,4474.25
414,2023-03-30 10:00:00-05:00,4208.5,4486.50
420,2023-03-30 11:00:00-05:00,4204.0,4494.25
426,2023-03-30 12:00:00-05:00,4198.0,4545.00
432,2023-03-30 13:00:00-05:00,4196.0,4553.25
438,2023-03-30 14:00:00-05:00,4204.25,4530.50
444,2023-03-30 15:00:00-05:00,4208.25,4597.25
450,2023-03-31 08:30:00-05:00,4224.0,4614.00
456,2023-03-31 09:30:00-05:00,4230.5,4579.50
462,2023-03-31 10:30:00-05:00,4242.5,4576.50
468,2023-03-31 11:30:00-05:00,4246.5,4572.25
474,2023-03-31 12:30:00-05:00,4242.5,4555.75
480,2023-03-31 13:30:00-05:00,4246.5,4530.75
486,2023-03-31 14:30:00-05:00,4256.75,4542.50
492,2023-03-31 15:30:00-05:00,4266.75,4516.25
498,2023-04-03 09:00:00-05:00,4286.25,4572.75
504,2023-04-03 10:00:00-05:00,4265.75,4553.50
510,2023-04-03 11:00:00-05:00,4273.0,4582.75
516,2023-04-03 12:00:00-05:00,4273.0,4632.50
522,2023-04-03 13:00:00-05:00,4273.0,4646.50
528,2023-04-03 14:00:00-05:00,4285.0,
534,2023-04-03 15:00:00-05:00,4289.0,
540,2023-04-04 08:30:00-05:00,4290.25,
546,2023-04-04 09:30:00-05:00,4286.25,
552,2023-04-04 10:30:00-05:00,4266.25,
558,2023-04-04 11:30:00-05:00,4258.0,
564,2023-04-04 12:30:00-05:00,4618.5,
570,2023-04-04 13:30:00-05:00,4261.5,
576,2023-04-04 14:30:00-05:00,4257.5,
582,2023-04-04 15:30:00-05:00,4265.5,
588,2023-04-05 09:00:00-05:00,4250.25,
594,2023-04-05 10:00:00-05:00,4242.25,
600,2023-04-05 11:00:00-05:00,4242.25,
606,2023-04-05 12:00:00-05:00,4242.25,
612,2023-04-05 13:00:00-05:00,4251.5,
618,2023-04-05 14:00:00-05:00,4246.75,
624,2023-04-05 15:00:00-05:00,4250.75,
630,2023-04-06 08:30:00-05:00,4236.0,
636,2023-04-06 09:30:00-05:00,4244.0,
642,2023-04-06 10:30:00-05:00,4248.0,
648,2023-04-06 11:30:00-05:00,4264.0,
654,2023-04-06 12:30:00-05:00,4264.0,
660,2023-04-06 13:30:00-05:00,4268.0,
666,2023-04-06 14:30:00-05:00,4264.0,
672,2023-04-06 15:30:00-05:00,4268.0,
678,2023-04-10 09:00:00-05:00,4231.25,
684,2023-04-10 10:00:00-05:00,4239.5,
690,2023-04-10 11:00:00-05:00,4235.5,
696,2023-04-10 12:00:00-05:00,4255.5,
702,2023-04-10 13:00:00-05:00,4616.25,
708,2023-04-10 14:00:00-05:00,4260.25,
714,2023-04-10 15:00:00-05:00,4268.25,
720,2023-04-11 08:30:00-05:00,4268.25,
726,2023-04-11 09:30:00-05:00,4264.25,
732,2023-04-11 10:30:00-05:00,4618.75,
738,2023-04-11 11:30:00-05:00,4269.75,
744,2023-04-11 12:30:00-05:00,4275.75,
750,2023-04-11 13:30:00-05:00,4280.25,
756,2023-04-11 14:30:00-05:00,4276.25,
762,2023-04-11 15:30:00-05:00,4268.0,
768,2023-04-14 08:50:00-05:00,4300.75,
774,2023-04-14 09:50:00-05:00,4300.75,
780,2023-04-14 10:50:00-05:00,4300.75,
786,2023-04-14 11:50:00-05:00,4300.75,
792,2023-04-14 12:50:00-05:00,4300.75,
798,2023-04-14 13:50:00-05:00,4300.75,
804,2023-04-14 14:50:00-05:00,4300.75,
810,2023-04-14 15:50:00-05:00,4300.75,
816,2023-04-17 09:20:00-05:00,4307.5,
822,2023-04-17 10:20:00-05:00,4299.5,
828,2023-04-17 11:20:00-05:00,4293.25,
834,2023-04-17 12:20:00-05:00,4300.75,
840,2023-04-17 13:20:00-05:00,4293.25,
846,2023-04-17 14:20:00-05:00,4309.25,
852,2023-04-17 15:20:00-05:00,4317.75,
858,2023-04-18 08:50:00-05:00,4325.5,
864,2023-04-18 09:50:00-05:00,4310.5,
870,2023-04-18 10:50:00-05:00,4310.5,
876,2023-04-18 11:50:00-05:00,4314.5,
882,2023-04-18 12:50:00-05:00,4318.5,
888,2023-04-18 13:50:00-05:00,4314.5,
894,2023-04-18 14:50:00-05:00,4322.5,
900,2023-04-18 15:50:00-05:00,4318.5,
906,2023-04-19 09:20:00-05:00,4306.0,
912,2023-04-19 10:20:00-05:00,4310.0,
918,2023-04-19 11:20:00-05:00,4314.0,
924,2023-04-19 12:20:00-05:00,4318.0,
930,2023-04-19 13:20:00-05:00,4322.0,
936,2023-04-19 14:20:00-05:00,4322.0,
942,2023-04-19 15:20:00-05:00,4314.0,
948,2023-04-20 08:50:00-05:00,4291.0,
954,2023-04-20 09:50:00-05:00,4303.75,
960,2023-04-20 10:50:00-05:00,4299.75,
966,2023-04-20 11:50:00-05:00,4300.75,
972,2023-04-20 12:50:00-05:00,4310.0,
978,2023-04-20 13:50:00-05:00,4289.25,
984,2023-04-20 14:50:00-05:00,4293.0,
990,2023-04-20 15:50:00-05:00,4297.0,
996,2023-04-21 09:20:00-05:00,4298.25,
1002,2023-04-21 10:20:00-05:00,4286.25,
1008,2023-04-21 11:20:00-05:00,4290.25,
1014,2023-04-21 12:20:00-05:00,4300.75,
1020,2023-04-21 13:20:00-05:00,4300.75,
1026,2023-04-21 14:20:00-05:00,4300.75,
1032,2023-04-21 15:20:00-05:00,4300.75,
1038,2023-04-24 08:50:00-05:00,4305.5,
1044,2023-04-24 09:50:00-05:00,4293.5,
1050,2023-04-24 10:50:00-05:00,4285.5,
1056,2023-04-24 11:50:00-05:00,4293.5,
1062,2023-04-24 12:50:00-05:00,4297.5,
1068,2023-04-24 13:50:00-05:00,4297.5,
1074,2023-04-24 14:50:00-05:00,4301.5,
1080,2023-04-24 15:50:00-05:00,4301.5,
1086,2023-04-25 09:20:00-05:00,4300.75,
1092,2023-04-25 10:20:00-05:00,4300.75,
1098,2023-04-25 11:20:00-05:00,4265.25,
1104,2023-04-25 12:20:00-05:00,4244.5,
1110,2023-04-25 13:20:00-05:00,4242.5,
1116,2023-04-25 14:20:00-05:00,4240.5,
1122,2023-04-25 15:20:00-05:00,4244.5,
1128,2023-04-26 08:50:00-05:00,4238.25,
1134,2023-04-26 09:50:00-05:00,4233.25,
1140,2023-04-26 10:50:00-05:00,4244.25,
1146,2023-04-26 11:50:00-05:00,4240.0,
1152,2023-04-26 12:50:00-05:00,4224.0,
1158,2023-04-26 13:50:00-05:00,4212.0,
1164,2023-04-26 14:50:00-05:00,4216.0,
1170,2023-04-26 15:50:00-05:00,4300.75,
1176,2023-04-27 09:20:00-05:00,4252.25,
1182,2023-04-27 10:20:00-05:00,4256.25,
1188,2023-04-27 11:20:00-05:00,4264.25,
1194,2023-04-27 12:20:00-05:00,4300.75,
1200,2023-04-27 13:20:00-05:00,4300.75,
1206,2023-04-27 14:20:00-05:00,4300.75,
1212,2023-04-27 15:20:00-05:00,4300.75,
1218,2023-04-28 08:50:00-05:00,4296.5,
1224,2023-04-28 09:50:00-05:00,4301.5,
1230,2023-04-28 10:50:00-05:00,4317.5,
1236,2023-04-28 11:50:00-05:00,4300.75,
1242,2023-04-28 12:50:00-05:00,4300.75,
1248,2023-04-28 13:50:00-05:00,4317.5,
1254,2023-04-28 14:50:00-05:00,4329.5,
1260,2023-04-28 15:50:00-05:00,4300.75,
1266,2023-05-01 09:20:00-05:00,4335.0,
1272,2023-05-01 10:20:00-05:00,4331.0,
1278,2023-05-01 11:20:00-05:00,4341.0,
1284,2023-05-01 12:20:00-05:00,4343.0,
1290,2023-05-01 13:20:00-05:00,4341.75,
1296,2023-05-01 14:20:00-05:00,4333.75,
1302,2023-05-01 15:20:00-05:00,4331.75,
1308,2023-05-02 08:50:00-05:00,4313.0,
1314,2023-05-02 09:50:00-05:00,4260.0,
1320,2023-05-02 10:50:00-05:00,4254.75,
1326,2023-05-02 11:50:00-05:00,4262.75,
1332,2023-05-02 12:50:00-05:00,4278.75,
1338,2023-05-02 13:50:00-05:00,4278.75,
1344,2023-05-02 14:50:00-05:00,4278.75,
1350,2023-05-02 15:50:00-05:00,4300.75,
1356,2023-05-03 09:20:00-05:00,4300.75,
1362,2023-05-03 10:20:00-05:00,4300.75,
1368,2023-05-03 11:20:00-05:00,4300.75,
1374,2023-05-03 12:20:00-05:00,4300.75,
1380,2023-05-03 13:20:00-05:00,4300.75,
1386,2023-05-03 14:20:00-05:00,4257.25,
1392,2023-05-03 15:20:00-05:00,4255.25,
1398,2023-05-04 08:50:00-05:00,4300.75,
1404,2023-05-04 09:50:00-05:00,4212.5,
1410,2023-05-04 10:50:00-05:00,4207.75,
1416,2023-05-04 11:50:00-05:00,4220.75,
1422,2023-05-04 12:50:00-05:00,4222.75,
1428,2023-05-04 13:50:00-05:00,4300.75,
1434,2023-05-04 14:50:00-05:00,4300.75,
1440,2023-05-04 15:50:00-05:00,4300.75,
1446,2023-05-05 09:20:00-05:00,4300.75,
1452,2023-05-05 10:20:00-05:00,4300.75,
1458,2023-05-05 11:20:00-05:00,4300.75,
1464,2023-05-05 12:20:00-05:00,4300.75,
1470,2023-05-05 13:20:00-05:00,4300.75,
1476,2023-05-05 14:20:00-05:00,4300.75,
1482,2023-05-05 15:20:00-05:00,4300.75,
1488,2023-05-08 08:50:00-05:00,4280.75,
1494,2023-05-08 09:50:00-05:00,4280.75,
1500,2023-05-08 10:50:00-05:00,4284.75,
1506,2023-05-08 11:50:00-05:00,4280.75,
1512,2023-05-08 12:50:00-05:00,4284.75,
1518,2023-05-08 13:50:00-05:00,4288.75,
1524,2023-05-08 14:50:00-05:00,4287.5,
1530,2023-05-08 15:50:00-05:00,4300.75,
1536,2023-05-09 09:20:00-05:00,4268.75,
1542,2023-05-09 10:20:00-05:00,4272.75,
1548,2023-05-09 11:20:00-05:00,4268.75,
1554,2023-05-09 12:20:00-05:00,4272.75,
1560,2023-05-09 13:20:00-05:00,4277.0,
1566,2023-05-09 14:20:00-05:00,4273.0,
1572,2023-05-09 15:20:00-05:00,4269.0,
1578,2023-05-10 08:50:00-05:00,4279.75,
1584,2023-05-10 09:50:00-05:00,4263.5,
1590,2023-05-10 10:50:00-05:00,4273.25,
1596,2023-05-10 11:50:00-05:00,4261.25,
1602,2023-05-10 12:50:00-05:00,4257.25,
1608,2023-05-10 13:50:00-05:00,4274.25,
1614,2023-05-10 14:50:00-05:00,4282.5,
1620,2023-05-10 15:50:00-05:00,4286.5,
1626,2023-05-11 09:20:00-05:00,4263.0,
1632,2023-05-11 10:20:00-05:00,4267.0,
1638,2023-05-11 11:20:00-05:00,4271.0,
1644,2023-05-11 12:20:00-05:00,4261.5,
1650,2023-05-11 13:20:00-05:00,4261.25,
1656,2023-05-11 14:20:00-05:00,4266.0,
1662,2023-05-11 15:20:00-05:00,4276.0,
1668,2023-05-12 08:50:00-05:00,4300.75,
1674,2023-05-12 09:50:00-05:00,4269.25,
1680,2023-05-12 10:50:00-05:00,4269.0,
1686,2023-05-12 11:50:00-05:00,4251.0,
1692,2023-05-12 12:50:00-05:00,4246.75,
1698,2023-05-12 13:50:00-05:00,4250.75,
1704,2023-05-12 14:50:00-05:00,4261.5,
1710,2023-05-12 15:50:00-05:00,4300.75,
1716,2023-05-15 09:20:00-05:00,4266.0,
1722,2023-05-15 10:20:00-05:00,4278.0,
1728,2023-05-15 11:20:00-05:00,4275.75,
1734,2023-05-15 12:20:00-05:00,4268.75,
1740,2023-05-15 13:20:00-05:00,4269.0,
1746,2023-05-15 14:20:00-05:00,4282.75,
1752,2023-05-15 15:20:00-05:00,4286.75,
1758,2023-05-16 08:50:00-05:00,4272.75,
1764,2023-05-16 09:50:00-05:00,4271.75,
1770,2023-05-16 10:50:00-05:00,4264.0,
1776,2023-05-16 11:50:00-05:00,4265.0,
1782,2023-05-16 12:50:00-05:00,4274.5,
1788,2023-05-16 13:50:00-05:00,4274.5,
1794,2023-05-16 14:50:00-05:00,4262.5,
1800,2023-05-16 15:50:00-05:00,4300.75,
1806,2023-05-17 09:20:00-05:00,4270.75,
1812,2023-05-17 10:20:00-05:00,4275.25,
1818,2023-05-17 11:20:00-05:00,4272.0,
1824,2023-05-17 12:20:00-05:00,4307.25,
1830,2023-05-17 13:20:00-05:00,4311.25,
1836,2023-05-17 14:20:00-05:00,4303.25,
1842,2023-05-17 15:20:00-05:00,4307.25,
1848,2023-05-18 08:50:00-05:00,4303.5,
1854,2023-05-18 09:50:00-05:00,4327.5,
1860,2023-05-18 10:50:00-05:00,4323.5,
1866,2023-05-18 11:50:00-05:00,4316.5,
1872,2023-05-18 12:50:00-05:00,4299.25,
1878,2023-05-18 13:50:00-05:00,4313.0,
1884,2023-05-18 14:50:00-05:00,4347.5,
1890,2023-05-18 15:50:00-05:00,4351.5,
1896,2023-05-19 09:20:00-05:00,4361.0,
1902,2023-05-19 10:20:00-05:00,4343.0,
1908,2023-05-19 11:20:00-05:00,4347.0,
1914,2023-05-19 12:20:00-05:00,4349.0,
1920,2023-05-19 13:20:00-05:00,4343.0,
1926,2023-05-19 14:20:00-05:00,4345.0,
1932,2023-05-19 15:20:00-05:00,4343.0,
1938,2023-05-22 08:50:00-05:00,4333.75,
1944,2023-05-22 09:50:00-05:00,4330.5,
1950,2023-05-22 10:50:00-05:00,4335.75,
1956,2023-05-22 11:50:00-05:00,4332.5,
1962,2023-05-22 12:50:00-05:00,4335.75,
1968,2023-05-22 13:50:00-05:00,4339.0,
1974,2023-05-22 14:50:00-05:00,4329.25,
1980,2023-05-22 15:50:00-05:00,4300.75,
1986,2023-05-23 09:20:00-05:00,4318.75,
1992,2023-05-23 10:20:00-05:00,4319.25,
1998,2023-05-23 11:20:00-05:00,4315.25,
2004,2023-05-23 12:20:00-05:00,4300.75,
2010,2023-05-23 13:20:00-05:00,4285.5,
2016,2023-05-23 14:20:00-05:00,4287.5,
2022,2023-05-23 15:20:00-05:00,4284.0,
2028,2023-05-24 08:50:00-05:00,4253.5,
2034,2023-05-24 09:50:00-05:00,4245.5,
2040,2023-05-24 10:50:00-05:00,4245.5,
2046,2023-05-24 11:50:00-05:00,4245.5,
2052,2023-05-24 12:50:00-05:00,4300.75,
2058,2023-05-24 13:50:00-05:00,4244.75,
2064,2023-05-24 14:50:00-05:00,4251.0,
2070,2023-05-24 15:50:00-05:00,4274.0,
2076,2023-05-25 09:20:00-05:00,4269.5,
2082,2023-05-25 10:20:00-05:00,4276.25,
2088,2023-05-25 11:20:00-05:00,4279.5,
2094,2023-05-25 12:20:00-05:00,4286.5,
2100,2023-05-25 13:20:00-05:00,4292.0,
2106,2023-05-25 14:20:00-05:00,4292.75,
2112,2023-05-25 15:20:00-05:00,4285.25,
2118,2023-05-26 08:50:00-05:00,4312.0,
2124,2023-05-26 09:50:00-05:00,4338.5,
2130,2023-05-26 10:50:00-05:00,4335.0,
2136,2023-05-26 11:50:00-05:00,4341.25,
2142,2023-05-26 12:50:00-05:00,4338.0,
2148,2023-05-26 13:50:00-05:00,4345.75,
2154,2023-05-26 14:50:00-05:00,4300.75,
2160,2023-05-26 15:50:00-05:00,4300.75,
2166,2023-05-30 09:20:00-05:00,4372.0,
2172,2023-05-30 10:20:00-05:00,4377.25,
2178,2023-05-30 11:20:00-05:00,4377.25,
2184,2023-05-30 12:20:00-05:00,4369.25,
2190,2023-05-30 13:20:00-05:00,4373.25,
2196,2023-05-30 14:20:00-05:00,4386.75,
2202,2023-05-30 15:20:00-05:00,4387.0,
2208,2023-05-31 08:50:00-05:00,4363.5,
2214,2023-05-31 09:50:00-05:00,4349.25,
2220,2023-05-31 10:50:00-05:00,4348.5,
2226,2023-05-31 11:50:00-05:00,4351.25,
2232,2023-05-31 12:50:00-05:00,4362.5,
2238,2023-05-31 13:50:00-05:00,4362.5,
2244,2023-05-31 14:50:00-05:00,4572.0,
2250,2023-05-31 15:50:00-05:00,4300.75,
2256,2023-06-01 09:20:00-05:00,4358.75,
2262,2023-06-01 10:20:00-05:00,4380.0,
2268,2023-06-01 11:20:00-05:00,4395.25,
2274,2023-06-01 12:20:00-05:00,4393.0,
2280,2023-06-01 13:20:00-05:00,4399.25,
2286,2023-06-01 14:20:00-05:00,4398.25,
2292,2023-06-01 15:20:00-05:00,4397.5,
2298,2023-06-02 08:50:00-05:00,4424.5,
2304,2023-06-02 09:50:00-05:00,4448.0,
2310,2023-06-02 10:50:00-05:00,4455.0,
2316,2023-06-02 11:50:00-05:00,4461.25,
2322,2023-06-02 12:50:00-05:00,4462.75,
2328,2023-06-02 13:50:00-05:00,4463.75,
2334,2023-06-02 14:50:00-05:00,4459.25,
2340,2023-06-02 15:50:00-05:00,4300.75,
2346,2023-06-05 09:20:00-05:00,4463.5,
2352,2023-06-05 10:20:00-05:00,4473.0,
2358,2023-06-05 11:20:00-05:00,4477.0,
2364,2023-06-05 12:20:00-05:00,4468.5,
2370,2023-06-05 13:20:00-05:00,4463.0,
2376,2023-06-05 14:20:00-05:00,4455.75,
2382,2023-06-05 15:20:00-05:00,4455.5,
2388,2023-06-06 08:50:00-05:00,4450.25,
2394,2023-06-06 09:50:00-05:00,4463.5,
2400,2023-06-06 10:50:00-05:00,4627.0,
2406,2023-06-06 11:50:00-05:00,4620.75,
2412,2023-06-06 12:50:00-05:00,4620.0,
2418,2023-06-06 13:50:00-05:00,4624.5,
2424,2023-06-06 14:50:00-05:00,4627.75,
2430,2023-06-06 15:50:00-05:00,4300.75,
2436,2023-06-08 11:20:00-05:00,4473.0,
2442,2023-06-08 12:20:00-05:00,4469.75,
2448,2023-06-08 13:20:00-05:00,4469.75,
2454,2023-06-08 14:20:00-05:00,4469.75,
2460,2023-06-08 15:20:00-05:00,4472.75,
2466,2023-06-09 08:50:00-05:00,4496.75,
2472,2023-06-09 09:50:00-05:00,4498.0,
2478,2023-06-09 10:50:00-05:00,4481.75,
2484,2023-06-09 11:50:00-05:00,4484.0,
2490,2023-06-09 12:50:00-05:00,4490.5,
2496,2023-06-09 13:50:00-05:00,4490.5,
2502,2023-06-09 14:50:00-05:00,4485.5,
2508,2023-06-09 15:50:00-05:00,4429.0,
2514,2023-06-12 09:20:00-05:00,4492.75,
2520,2023-06-12 10:20:00-05:00,4492.75,
2526,2023-06-12 11:20:00-05:00,4500.25,
2532,2023-06-12 12:20:00-05:00,4503.5,
2538,2023-06-12 13:20:00-05:00,4507.25,
2544,2023-06-12 14:20:00-05:00,4522.0,
2550,2023-06-12 15:20:00-05:00,4527.75,
2556,2023-06-13 08:50:00-05:00,4537.5,
2562,2023-06-13 09:50:00-05:00,4543.25,
2568,2023-06-13 10:50:00-05:00,4545.75,
2574,2023-06-13 11:50:00-05:00,4552.0,
2580,2023-06-13 12:50:00-05:00,4550.5,
2586,2023-06-13 13:50:00-05:00,4543.25,
2592,2023-06-13 14:50:00-05:00,4549.0,
2598,2023-06-13 15:50:00-05:00,4552.0,
2604,2023-06-14 09:20:00-05:00,4559.25,
2610,2023-06-14 10:20:00-05:00,4577.5,
2616,2023-06-14 11:20:00-05:00,4572.5,
2622,2023-06-14 12:20:00-05:00,4563.0,
2628,2023-06-14 13:20:00-05:00,4523.0,
2634,2023-06-14 14:20:00-05:00,4552.0,
2640,2023-06-14 15:20:00-05:00,4564.0,
2646,2023-06-15 08:50:00-05:00,4562.75,
2652,2023-06-15 09:50:00-05:00,4576.5,
2658,2023-06-15 10:50:00-05:00,4591.25,
2664,2023-06-15 11:50:00-05:00,4593.0,
2670,2023-06-15 12:50:00-05:00,4593.0,
2676,2023-06-15 13:50:00-05:00,4627.5,
2682,2023-06-15 14:50:00-05:00,4616.0,
2688,2023-06-15 15:50:00-05:00,4605.25,
2694,2023-06-16 09:20:00-05:00,4617.0,
2700,2023-06-16 10:20:00-05:00,4610.25,
2706,2023-06-16 11:20:00-05:00,4614.0,
2712,2023-06-16 12:20:00-05:00,4614.75,
2718,2023-06-16 13:20:00-05:00,4611.5,
2724,2023-06-16 14:20:00-05:00,4600.75,
2730,2023-06-16 15:20:00-05:00,4493.0,
2736,2023-06-20 08:50:00-05:00,4574.75,
2742,2023-06-20 09:50:00-05:00,4558.75,
2748,2023-06-20 10:50:00-05:00,4563.0,
2754,2023-06-20 11:50:00-05:00,4579.75,
2760,2023-06-20 12:50:00-05:00,4579.0,
2766,2023-06-20 13:50:00-05:00,4578.75,
2772,2023-06-20 14:50:00-05:00,4575.25,
2778,2023-06-20 15:50:00-05:00,4573.5,
2784,2023-06-21 09:20:00-05:00,4554.25,
2790,2023-06-21 10:20:00-05:00,4554.25,
2796,2023-06-21 11:20:00-05:00,4560.25,
2802,2023-06-21 12:20:00-05:00,4552.75,
2808,2023-06-21 13:20:00-05:00,4568.5,
2814,2023-06-21 14:20:00-05:00,4559.75,
2820,2023-06-21 15:20:00-05:00,4551.0,
2826,2023-06-22 08:50:00-05:00,4547.0,
2832,2023-06-22 09:50:00-05:00,4545.0,
2838,2023-06-22 10:50:00-05:00,4555.5,
2844,2023-06-22 11:50:00-05:00,4552.5,
2850,2023-06-22 12:50:00-05:00,4556.5,
2856,2023-06-22 13:50:00-05:00,4563.75,
2862,2023-06-22 14:50:00-05:00,4564.5,
2868,2023-06-22 15:50:00-05:00,4566.75,
2874,2023-06-23 09:20:00-05:00,4535.25,
2880,2023-06-23 10:20:00-05:00,4529.25,
2886,2023-06-23 11:20:00-05:00,4542.75,
2892,2023-06-23 12:20:00-05:00,4544.0,
2898,2023-06-23 13:20:00-05:00,4538.75,
2904,2023-06-23 14:20:00-05:00,4529.75,
2910,2023-06-23 15:20:00-05:00,4528.0,
2916,2023-06-26 08:50:00-05:00,4540.75,
2922,2023-06-26 09:50:00-05:00,4532.75,
2928,2023-06-26 10:50:00-05:00,4530.25,
2934,2023-06-26 11:50:00-05:00,4519.0,
2940,2023-06-26 12:50:00-05:00,4520.5,
2946,2023-06-26 13:50:00-05:00,4525.75,
2952,2023-06-26 14:50:00-05:00,4513.0,
2958,2023-06-26 15:50:00-05:00,4516.25,
2964,2023-06-27 09:20:00-05:00,4524.75,
2970,2023-06-27 10:20:00-05:00,4537.75,
2976,2023-06-27 11:20:00-05:00,4543.75,
2982,2023-06-27 12:20:00-05:00,4553.75,
2988,2023-06-27 13:20:00-05:00,4564.75,
2994,2023-06-27 14:20:00-05:00,4567.0,
3000,2023-06-27 15:20:00-05:00,4559.0,
3006,2023-06-28 08:50:00-05:00,4552.75,
3012,2023-06-28 09:50:00-05:00,4560.75,
3018,2023-06-28 10:50:00-05:00,4566.75,
3024,2023-06-28 11:50:00-05:00,4551.0,
3030,2023-06-28 12:50:00-05:00,4554.25,
3036,2023-06-28 13:50:00-05:00,4556.0,
3042,2023-06-28 14:50:00-05:00,4565.0,
3048,2023-06-28 15:50:00-05:00,4569.0,
3054,2023-06-29 09:20:00-05:00,4569.75,
3060,2023-06-29 10:20:00-05:00,4577.75,
3066,2023-06-29 11:20:00-05:00,4583.0,
3072,2023-06-29 12:20:00-05:00,4578.0,
3078,2023-06-29 13:20:00-05:00,4573.0,
3084,2023-06-29 14:20:00-05:00,4579.25,
3090,2023-06-29 15:20:00-05:00,4586.25,
3096,2023-06-30 08:50:00-05:00,4621.25,
3102,2023-06-30 09:50:00-05:00,4630.75,
3108,2023-06-30 10:50:00-05:00,4628.0,
3114,2023-06-30 11:50:00-05:00,4639.25,
3120,2023-06-30 12:50:00-05:00,4642.25,
3126,2023-06-30 13:50:00-05:00,4643.25,
3132,2023-06-30 14:50:00-05:00,4637.5,
3138,2023-06-30 15:50:00-05:00,4509.5,
3144,2023-07-03 09:20:00-05:00,4636.75,
3150,2023-07-03 10:20:00-05:00,4636.75,
3156,2023-07-03 11:20:00-05:00,4640.5,
3162,2023-07-05 08:50:00-05:00,4632.5,
3168,2023-07-05 09:50:00-05:00,4637.75,
3174,2023-07-05 10:50:00-05:00,4635.25,
3180,2023-07-05 11:50:00-05:00,4632.25,
3186,2023-07-05 12:50:00-05:00,4632.75,
3192,2023-07-05 13:50:00-05:00,4635.0,
3198,2023-07-05 14:50:00-05:00,4636.5,
3204,2023-07-05 15:50:00-05:00,4634.25,
3210,2023-07-06 09:20:00-05:00,4576.5,
3216,2023-07-06 10:20:00-05:00,4574.0,
3222,2023-07-06 11:20:00-05:00,4585.5,
3228,2023-07-06 12:20:00-05:00,4584.75,
3234,2023-07-06 13:20:00-05:00,4594.5,
3240,2023-07-06 14:20:00-05:00,4598.25,
3246,2023-07-06 15:20:00-05:00,4590.0,
3252,2023-07-07 08:50:00-05:00,4596.75,
3258,2023-07-07 09:50:00-05:00,4593.5,
3264,2023-07-07 10:50:00-05:00,4599.5,
3270,2023-07-07 11:50:00-05:00,4619.25,
3276,2023-07-07 12:50:00-05:00,4614.75,
3282,2023-07-07 13:50:00-05:00,4608.5,
3288,2023-07-07 14:50:00-05:00,4582.5,
3294,2023-07-07 15:50:00-05:00,4584.75,
3300,2023-07-10 09:20:00-05:00,4589.0,
3306,2023-07-10 10:20:00-05:00,4584.0,
3312,2023-07-10 11:20:00-05:00,4580.0,
3318,2023-07-10 12:20:00-05:00,4586.5,
3324,2023-07-10 13:20:00-05:00,4589.0,
3330,2023-07-10 14:20:00-05:00,4588.0,
3336,2023-07-10 15:20:00-05:00,4595.0,
3342,2023-07-11 08:50:00-05:00,4594.25,
3348,2023-07-11 09:50:00-05:00,4602.0,
3354,2023-07-11 10:50:00-05:00,4609.0,
3360,2023-07-11 11:50:00-05:00,4607.0,
3366,2023-07-11 12:50:00-05:00,4606.25,
3372,2023-07-11 13:50:00-05:00,4610.25,
3378,2023-07-11 14:50:00-05:00,4622.75,
3384,2023-07-11 15:50:00-05:00,4618.75,
3390,2023-07-12 09:20:00-05:00,4663.25,
3396,2023-07-12 10:20:00-05:00,4662.75,
3402,2023-07-12 11:20:00-05:00,4650.0,
3408,2023-07-12 12:20:00-05:00,4658.0,
3414,2023-07-12 13:20:00-05:00,4663.25,
3420,2023-07-12 14:20:00-05:00,4653.0,
3426,2023-07-12 15:20:00-05:00,4659.0,
3432,2023-07-13 08:50:00-05:00,4678.5,
3438,2023-07-13 09:50:00-05:00,4678.25,
3444,2023-07-13 10:50:00-05:00,4679.25,
3450,2023-07-13 11:50:00-05:00,4680.75,
3456,2023-07-13 12:50:00-05:00,4682.25,
3462,2023-07-13 13:50:00-05:00,4687.75,
3468,2023-07-13 14:50:00-05:00,4691.5,
3474,2023-07-13 15:50:00-05:00,4680.25,
3480,2023-07-14 09:20:00-05:00,4703.5,
3486,2023-07-14 10:20:00-05:00,4699.25,
3492,2023-07-14 11:20:00-05:00,4696.0,
3498,2023-07-14 12:20:00-05:00,4692.25,
3504,2023-07-14 13:20:00-05:00,4532.0,
3510,2023-07-14 14:20:00-05:00,4686.5,
3516,2023-07-14 15:20:00-05:00,4685.0,
3522,2023-07-17 08:50:00-05:00,4683.75,
3528,2023-07-17 09:50:00-05:00,4683.75,
3534,2023-07-17 10:50:00-05:00,4683.75,
3540,2023-07-17 11:50:00-05:00,4683.75,
3546,2023-07-17 12:50:00-05:00,4683.75,
3552,2023-07-17 13:50:00-05:00,4683.75,
3558,2023-07-17 14:50:00-05:00,4683.75,
3564,2023-07-17 15:50:00-05:00,4570.0,
3570,2023-07-18 15:10:00-05:00,4570.0,
3576,2023-07-19 08:40:00-05:00,4755.75,
3582,2023-07-19 09:40:00-05:00,4755.75,
3588,2023-07-19 10:40:00-05:00,4755.75,
3594,2023-07-19 11:40:00-05:00,4747.5,
3600,2023-07-19 12:40:00-05:00,4570.0,
3606,2023-07-19 13:40:00-05:00,4749.75,
3612,2023-07-19 14:40:00-05:00,4751.0,
3618,2023-07-19 15:40:00-05:00,4748.5,
3624,2023-07-20 09:10:00-05:00,4733.0,
3630,2023-07-20 10:10:00-05:00,4570.0,
3636,2023-07-20 11:10:00-05:00,4570.0,
3642,2023-07-20 12:10:00-05:00,4728.0,
3648,2023-07-20 13:10:00-05:00,4723.0,
3654,2023-07-20 14:10:00-05:00,4713.0,
3660,2023-07-20 15:10:00-05:00,4718.75,
3666,2023-07-21 08:40:00-05:00,4724.0,
3672,2023-07-21 09:40:00-05:00,4728.0,
3678,2023-07-21 10:40:00-05:00,4731.75,
3684,2023-07-21 11:40:00-05:00,4570.0,
3690,2023-07-21 12:40:00-05:00,4733.25,
3696,2023-07-21 13:40:00-05:00,4732.0,
3702,2023-07-21 14:40:00-05:00,4719.5,
3708,2023-07-21 15:40:00-05:00,4716.0,
3714,2023-07-24 09:10:00-05:00,4734.75,
3720,2023-07-24 10:10:00-05:00,4739.75,
3726,2023-07-24 11:10:00-05:00,4570.0,
3732,2023-07-24 12:10:00-05:00,4736.75,
3738,2023-07-24 13:10:00-05:00,4741.75,
3744,2023-07-24 14:10:00-05:00,4736.75,
3750,2023-07-24 15:10:00-05:00,4738.0,
3756,2023-07-25 08:40:00-05:00,4742.0,
3762,2023-07-25 09:40:00-05:00,4742.25,
3768,2023-07-25 10:40:00-05:00,4749.75,
3774,2023-07-25 11:40:00-05:00,4740.0,
3780,2023-07-25 12:40:00-05:00,4754.0,
3786,2023-07-25 13:40:00-05:00,4756.5,
3792,2023-07-25 14:40:00-05:00,4753.25,
3798,2023-07-25 15:40:00-05:00,4760.0,
3804,2023-07-26 09:10:00-05:00,4746.25,
3810,2023-07-26 10:10:00-05:00,4742.0,
3816,2023-07-26 11:10:00-05:00,4747.5,
3822,2023-07-26 12:10:00-05:00,4740.75,
3828,2023-07-26 13:10:00-05:00,4745.0,
3834,2023-07-26 14:10:00-05:00,4736.25,
3840,2023-07-26 15:10:00-05:00,4755.5,
3846,2023-07-27 08:40:00-05:00,4820.5,
3852,2023-07-27 09:40:00-05:00,4630.0,
3858,2023-07-27 10:40:00-05:00,4630.0,
3864,2023-07-27 11:40:00-05:00,4783.25,
3870,2023-07-27 12:40:00-05:00,4758.0,
3876,2023-07-27 13:40:00-05:00,4733.25,
3882,2023-07-27 14:40:00-05:00,4715.75,
3888,2023-07-27 15:40:00-05:00,4726.75,
3894,2023-07-28 09:10:00-05:00,4762.75,
3900,2023-07-28 10:10:00-05:00,4767.0,
3906,2023-07-28 11:10:00-05:00,4768.75,
3912,2023-07-28 12:10:00-05:00,4761.75,
3918,2023-07-28 13:10:00-05:00,4761.0,
3924,2023-07-28 14:10:00-05:00,4767.75,
3930,2023-07-28 15:10:00-05:00,4763.75,
3936,2023-07-31 08:40:00-05:00,4776.5,
3942,2023-07-31 09:40:00-05:00,4771.5,
3948,2023-07-31 10:40:00-05:00,4768.25,
3954,2023-07-31 11:40:00-05:00,4762.5,
3960,2023-07-31 12:40:00-05:00,4572.25,
3966,2023-07-31 13:40:00-05:00,4763.25,
3972,2023-07-31 14:40:00-05:00,4756.5,
3978,2023-07-31 15:40:00-05:00,4770.75,
3984,2023-08-01 09:10:00-05:00,4749.5,
3990,2023-08-01 10:10:00-05:00,4754.0,
3996,2023-08-01 11:10:00-05:00,4754.0,
4002,2023-08-01 12:10:00-05:00,4756.25,
4008,2023-08-01 13:10:00-05:00,4763.0,
4014,2023-08-01 14:10:00-05:00,4763.0,
4020,2023-08-01 15:10:00-05:00,4756.25,
4026,2023-08-02 08:40:00-05:00,4722.25,
4032,2023-08-02 09:40:00-05:00,4572.25,
4038,2023-08-02 10:40:00-05:00,4703.25,
4044,2023-08-02 11:40:00-05:00,4702.25,
4050,2023-08-02 12:40:00-05:00,4700.25,
4056,2023-08-02 13:40:00-05:00,4698.0,
4062,2023-08-02 14:40:00-05:00,4696.25,
4068,2023-08-02 15:40:00-05:00,4691.75,
4074,2023-08-03 09:10:00-05:00,4674.0,
4080,2023-08-03 10:10:00-05:00,4683.25,
4086,2023-08-03 11:10:00-05:00,4685.5,
4092,2023-08-03 12:10:00-05:00,4694.5,
4098,2023-08-03 13:10:00-05:00,4687.75,
4104,2023-08-03 14:10:00-05:00,4681.0,
4110,2023-08-03 15:10:00-05:00,4692.25,
4116,2023-08-04 08:40:00-05:00,4705.5,
4122,2023-08-04 09:40:00-05:00,4699.75,
4128,2023-08-04 10:40:00-05:00,4706.75,
4134,2023-08-04 11:40:00-05:00,4716.75,
4140,2023-08-04 12:40:00-05:00,4704.0,
4146,2023-08-04 13:40:00-05:00,4663.5,
4152,2023-08-04 14:40:00-05:00,4653.75,
4158,2023-08-04 15:40:00-05:00,4656.0,
4164,2023-08-07 09:10:00-05:00,4680.0,
4170,2023-08-07 10:10:00-05:00,4670.25,
4176,2023-08-07 11:10:00-05:00,4679.25,
4182,2023-08-07 12:10:00-05:00,4572.25,
4188,2023-08-07 13:10:00-05:00,4685.25,
4194,2023-08-07 14:10:00-05:00,4685.25,
4200,2023-08-07 15:10:00-05:00,4694.25,
4206,2023-08-08 08:40:00-05:00,4647.25,
4212,2023-08-08 09:40:00-05:00,4642.75,
4218,2023-08-08 10:40:00-05:00,4642.75,
4224,2023-08-08 11:40:00-05:00,4649.5,
4230,2023-08-08 12:40:00-05:00,4654.5,
4236,2023-08-08 13:40:00-05:00,4660.5,
4242,2023-08-08 14:40:00-05:00,4675.0,
4248,2023-08-08 15:40:00-05:00,4671.75,
4254,2023-08-09 09:10:00-05:00,4669.25,
4260,2023-08-09 10:10:00-05:00,4646.75,
4266,2023-08-09 11:10:00-05:00,4642.25,
4272,2023-08-09 12:10:00-05:00,4658.0,
4278,2023-08-09 13:10:00-05:00,4660.25,
4284,2023-08-09 14:10:00-05:00,4660.25,
4290,2023-08-09 15:10:00-05:00,4660.25,
4296,2023-08-10 08:40:00-05:00,4686.25,
4302,2023-08-10 09:40:00-05:00,4674.75,
4308,2023-08-10 10:40:00-05:00,4668.0,
4314,2023-08-10 11:40:00-05:00,4668.0,
4320,2023-08-10 12:40:00-05:00,4668.0,
4326,2023-08-10 13:40:00-05:00,4668.0,
4332,2023-08-10 14:40:00-05:00,4668.0,
4338,2023-08-10 15:40:00-05:00,4668.0,
4344,2023-08-11 09:10:00-05:00,4630.75,
4350,2023-08-11 10:10:00-05:00,4630.75,
4356,2023-08-11 11:10:00-05:00,4630.75,
4362,2023-08-11 12:10:00-05:00,4630.75,
4368,2023-08-11 13:10:00-05:00,4630.75,
4374,2023-08-11 14:10:00-05:00,4630.75,
4380,2023-08-11 15:10:00-05:00,4630.75,
4386,2023-08-14 08:40:00-05:00,4617.25,
4392,2023-08-14 09:40:00-05:00,4637.5,
4398,2023-08-14 10:40:00-05:00,4637.5,
4404,2023-08-14 11:40:00-05:00,4637.5,
4410,2023-08-14 12:40:00-05:00,4637.5,
4416,2023-08-14 13:40:00-05:00,4637.5,
4422,2023-08-14 14:40:00-05:00,4637.5,
4428,2023-08-14 15:40:00-05:00,4637.5,
4434,2023-08-15 09:10:00-05:00,4698.5,
4440,2023-08-15 10:10:00-05:00,4698.5,
4446,2023-08-15 11:10:00-05:00,4698.5,
4452,2023-08-15 12:10:00-05:00,4698.5,
4458,2023-08-15 13:10:00-05:00,4698.5,
4464,2023-08-15 14:10:00-05:00,4698.5,
4470,2023-08-15 15:10:00-05:00,4600.0,
4476,2023-08-16 08:40:00-05:00,4616.5,
4482,2023-08-16 09:40:00-05:00,4695.5,
4488,2023-08-16 10:40:00-05:00,4603.5,
4494,2023-08-16 11:40:00-05:00,4602.5,
4500,2023-08-16 12:40:00-05:00,4602.5,
4506,2023-08-16 13:40:00-05:00,4602.5,
4512,2023-08-16 14:40:00-05:00,4602.5,
4518,2023-08-16 15:40:00-05:00,4602.5,
4524,2023-08-17 09:10:00-05:00,4576.75,
4530,2023-08-17 10:10:00-05:00,4570.0,
4536,2023-08-17 11:10:00-05:00,4570.0,
4542,2023-08-17 12:10:00-05:00,4572.25,
4548,2023-08-17 13:10:00-05:00,4556.5,
4554,2023-08-17 14:10:00-05:00,4533.25,
4560,2023-08-17 15:10:00-05:00,4529.75,
4566,2023-08-18 08:40:00-05:00,4517.25,
4572,2023-08-18 09:40:00-05:00,4518.25,
4578,2023-08-18 10:40:00-05:00,4525.0,
4584,2023-08-18 11:40:00-05:00,4533.25,
4590,2023-08-18 12:40:00-05:00,4531.75,
4596,2023-08-18 13:40:00-05:00,4535.0,
4602,2023-08-18 14:40:00-05:00,4543.0,
4608,2023-08-18 15:40:00-05:00,4533.75,
4614,2023-08-21 09:10:00-05:00,4548.75,
4620,2023-08-21 10:10:00-05:00,4531.5,
4626,2023-08-21 11:10:00-05:00,4532.75,
4632,2023-08-21 12:10:00-05:00,4544.25,
4638,2023-08-21 13:10:00-05:00,4555.75,
4644,2023-08-21 14:10:00-05:00,4564.75,
4650,2023-08-21 15:10:00-05:00,4560.25,
4656,2023-08-22 08:40:00-05:00,4573.0,
4662,2023-08-22 09:40:00-05:00,4561.0,
4668,2023-08-22 10:40:00-05:00,4560.25,
4674,2023-08-22 11:40:00-05:00,4559.0,
4680,2023-08-22 12:40:00-05:00,4550.75,
4686,2023-08-22 13:40:00-05:00,4551.75,
4692,2023-08-22 14:40:00-05:00,4549.75,
4698,2023-08-22 15:40:00-05:00,4552.0,
4704,2023-08-23 09:10:00-05:00,4576.25,
4710,2023-08-23 10:10:00-05:00,4587.5,
4716,2023-08-23 11:10:00-05:00,4589.5,
4722,2023-08-23 12:10:00-05:00,4599.75,
4728,2023-08-23 13:10:00-05:00,4597.5,
4734,2023-08-23 14:10:00-05:00,4598.75,
4740,2023-08-23 15:10:00-05:00,4598.75,
4746,2023-08-24 08:40:00-05:00,4604.5,
4752,2023-08-24 09:40:00-05:00,4661.5,
4758,2023-08-24 10:40:00-05:00,4660.0,
4764,2023-08-24 11:40:00-05:00,4660.0,
4770,2023-08-24 12:40:00-05:00,4660.0,
4776,2023-08-24 13:40:00-05:00,4660.0,
4782,2023-08-24 14:40:00-05:00,4660.0,
4788,2023-08-24 15:40:00-05:00,4660.0,
4794,2023-08-25 09:10:00-05:00,4557.25,
4800,2023-08-25 10:10:00-05:00,4530.5,
4806,2023-08-25 11:10:00-05:00,4543.0,
4812,2023-08-25 12:10:00-05:00,4547.25,
4818,2023-08-25 13:10:00-05:00,4561.75,
4824,2023-08-25 14:10:00-05:00,4573.0,
4830,2023-08-25 15:10:00-05:00,4566.25,
4836,2023-08-28 08:40:00-05:00,4590.75,
4842,2023-08-28 09:40:00-05:00,4675.0,
4848,2023-08-28 10:40:00-05:00,4576.0,
4854,2023-08-28 11:40:00-05:00,4582.75,
4860,2023-08-28 12:40:00-05:00,4662.5,
4866,2023-08-28 13:40:00-05:00,4662.5,
4872,2023-08-28 14:40:00-05:00,4593.0,
4878,2023-08-28 15:40:00-05:00,4594.0,
4884,2023-08-29 09:10:00-05:00,4622.0,
4890,2023-08-29 10:10:00-05:00,4631.25,
4896,2023-08-29 11:10:00-05:00,4707.0,
4902,2023-08-29 12:10:00-05:00,4675.0,
4908,2023-08-29 13:10:00-05:00,4675.0,
4914,2023-08-29 14:10:00-05:00,4675.0,
4920,2023-08-29 15:10:00-05:00,4656.5,
4926,2023-08-30 08:40:00-05:00,4664.5,
4932,2023-08-30 09:40:00-05:00,4664.75,
4938,2023-08-30 10:40:00-05:00,4657.0,
4944,2023-08-30 11:40:00-05:00,4657.0,
4950,2023-08-30 12:40:00-05:00,4675.5,
4956,2023-08-30 13:40:00-05:00,4674.5,
4962,2023-08-30 14:40:00-05:00,4674.5,
4968,2023-08-30 15:40:00-05:00,4677.0,
4974,2023-08-31 09:10:00-05:00,4689.5,
4980,2023-08-31 10:10:00-05:00,4690.25,
4986,2023-08-31 11:10:00-05:00,4675.5,
4992,2023-08-31 12:10:00-05:00,4677.0,
4998,2023-08-31 13:10:00-05:00,4686.75,
5004,2023-08-31 14:10:00-05:00,4679.5,
5010,2023-08-31 15:10:00-05:00,4671.0,
5016,2023-09-01 08:40:00-05:00,4650.0,
5022,2023-09-01 09:40:00-05:00,4627.0,
5028,2023-09-01 10:40:00-05:00,4665.25,
5034,2023-09-01 11:40:00-05:00,4670.0,
5040,2023-09-01 12:40:00-05:00,4670.75,
5046,2023-09-01 13:40:00-05:00,4667.5,
5052,2023-09-01 14:40:00-05:00,4675.0,
5058,2023-09-01 15:40:00-05:00,4650.0,
5064,2023-09-05 09:10:00-05:00,4660.25,
5070,2023-09-05 10:10:00-05:00,4673.0,
5076,2023-09-05 11:10:00-05:00,4668.5,
5082,2023-09-05 12:10:00-05:00,4666.0,
5088,2023-09-05 13:10:00-05:00,4665.25,
5094,2023-09-05 14:10:00-05:00,4667.0,
5100,2023-09-05 15:10:00-05:00,4656.5,
5106,2023-09-06 08:40:00-05:00,4650.0,
5112,2023-09-06 09:40:00-05:00,4627.75,
5118,2023-09-06 10:40:00-05:00,4620.5,
5124,2023-09-06 11:40:00-05:00,4609.75,
5130,2023-09-06 12:40:00-05:00,4614.25,
5136,2023-09-06 13:40:00-05:00,4621.5,
5142,2023-09-06 14:40:00-05:00,4622.0,
5148,2023-09-06 15:40:00-05:00,4650.0,
5154,2023-09-07 09:10:00-05:00,4595.25,
5160,2023-09-07 10:10:00-05:00,4603.75,
5166,2023-09-07 11:10:00-05:00,4606.0,
5172,2023-09-07 12:10:00-05:00,4607.5,
5178,2023-09-07 13:10:00-05:00,4610.75,
5184,2023-09-07 14:10:00-05:00,4607.25,
5190,2023-09-07 15:10:00-05:00,4611.25,
5196,2023-09-08 08:40:00-05:00,4618.25,
5202,2023-09-08 09:40:00-05:00,4625.25,
5208,2023-09-08 10:40:00-05:00,4627.25,
5214,2023-09-08 11:40:00-05:00,4621.75,
5220,2023-09-08 12:40:00-05:00,4619.75,
5226,2023-09-08 13:40:00-05:00,4612.5,
5232,2023-09-08 14:40:00-05:00,4609.5,
5238,2023-09-08 15:40:00-05:00,4625.0,
5244,2023-09-11 09:10:00-05:00,4634.0,
5250,2023-09-11 10:10:00-05:00,4629.5,
5256,2023-09-11 11:10:00-05:00,4633.5,
5262,2023-09-11 12:10:00-05:00,4640.0,
5268,2023-09-11 13:10:00-05:00,4644.0,
5274,2023-09-11 14:10:00-05:00,4644.75,
5280,2023-09-11 15:10:00-05:00,4646.0,
5286,2023-09-12 08:40:00-05:00,4632.75,
5292,2023-09-12 09:40:00-05:00,4626.25,
5298,2023-09-12 10:40:00-05:00,4629.25,
5304,2023-09-12 11:40:00-05:00,4633.5,
5310,2023-09-12 12:40:00-05:00,4632.5,
5316,2023-09-12 13:40:00-05:00,4625.0,
5322,2023-09-12 14:40:00-05:00,4617.5,
5328,2023-09-12 15:40:00-05:00,4619.0,
5334,2023-09-13 09:10:00-05:00,4610.0,
5340,2023-09-13 10:10:00-05:00,4629.75,
5346,2023-09-13 11:10:00-05:00,4630.75,
5352,2023-09-13 12:10:00-05:00,4633.0,
5358,2023-09-13 13:10:00-05:00,4627.75,
5364,2023-09-13 14:10:00-05:00,4615.0,
5370,2023-09-13 15:10:00-05:00,4627.75,
5376,2023-09-14 08:40:00-05:00,4642.75,
5382,2023-09-14 09:40:00-05:00,4650.75,
5388,2023-09-14 10:40:00-05:00,4651.25,
5394,2023-09-14 11:40:00-05:00,4660.75,
5400,2023-09-14 12:40:00-05:00,4660.25,
5406,2023-09-14 13:40:00-05:00,4663.0,
5412,2023-09-14 14:40:00-05:00,4661.25,
5418,2023-09-14 15:40:00-05:00,4667.0,
5424,2023-09-15 09:10:00-05:00,4632.0,
5430,2023-09-15 10:10:00-05:00,4616.25,
5436,2023-09-15 11:10:00-05:00,4622.5,
5442,2023-09-15 12:10:00-05:00,4607.75,
5448,2023-09-15 13:10:00-05:00,4604.5,
5454,2023-09-15 14:10:00-05:00,4608.25,
5460,2023-09-15 15:10:00-05:00,4605.0,
5466,2023-09-18 08:40:00-05:00,4596.75,
5472,2023-09-18 09:40:00-05:00,4604.75,
5478,2023-09-18 10:40:00-05:00,4615.5,
5484,2023-09-18 11:40:00-05:00,4618.0,
5490,2023-09-18 12:40:00-05:00,4614.75,
5496,2023-09-18 13:40:00-05:00,4609.75,
5502,2023-09-18 14:40:00-05:00,4602.5,
5508,2023-09-18 15:40:00-05:00,4607.0,
5514,2023-09-19 09:10:00-05:00,4583.5,
5520,2023-09-19 10:10:00-05:00,4573.25,
5526,2023-09-19 11:10:00-05:00,4574.5,
5532,2023-09-19 12:10:00-05:00,4579.0,
5538,2023-09-19 13:10:00-05:00,4589.75,
5544,2023-09-19 14:10:00-05:00,4588.75,
5550,2023-09-19 15:10:00-05:00,4595.75,
5556,2023-09-20 08:40:00-05:00,4608.75,
5562,2023-09-20 09:40:00-05:00,4603.75,
5568,2023-09-20 10:40:00-05:00,4603.0,
5574,2023-09-20 11:40:00-05:00,4606.25,
5580,2023-09-20 12:40:00-05:00,4599.75,
5586,2023-09-20 13:40:00-05:00,4588.25,
5592,2023-09-20 14:40:00-05:00,4560.5,
5598,2023-09-20 15:40:00-05:00,4549.25,
5604,2023-09-21 09:10:00-05:00,4516.5,
5610,2023-09-21 10:10:00-05:00,4500.25,
5616,2023-09-21 11:10:00-05:00,4498.25,
5622,2023-09-21 12:10:00-05:00,4507.25,
5628,2023-09-21 13:10:00-05:00,4499.0,
5634,2023-09-21 14:10:00-05:00,4485.75,
5640,2023-09-21 15:10:00-05:00,4468.75,
5646,2023-09-22 08:40:00-05:00,4483.0,
5652,2023-09-22 09:40:00-05:00,4493.0,
5658,2023-09-22 10:40:00-05:00,4494.0,
5664,2023-09-22 11:40:00-05:00,4495.5,
5670,2023-09-22 12:40:00-05:00,4472.75,
5676,2023-09-22 13:40:00-05:00,4468.0,
5682,2023-09-22 14:40:00-05:00,4465.75,
5688,2023-09-22 15:40:00-05:00,4456.0,
5694,2023-09-25 09:10:00-05:00,4456.75,
5700,2023-09-25 10:10:00-05:00,4472.25,
5706,2023-09-25 11:10:00-05:00,4475.75,
5712,2023-09-25 12:10:00-05:00,4473.75,
5718,2023-09-25 13:10:00-05:00,4471.0,
5724,2023-09-25 14:10:00-05:00,4471.25,
5730,2023-09-25 15:10:00-05:00,4483.0,
5736,2023-09-26 08:40:00-05:00,4448.25,
5742,2023-09-26 09:40:00-05:00,4435.25,
5748,2023-09-26 10:40:00-05:00,4426.5,
5754,2023-09-26 11:40:00-05:00,4433.25,
5760,2023-09-26 12:40:00-05:00,4416.0,
5766,2023-09-26 13:40:00-05:00,4412.25,
5772,2023-09-26 14:40:00-05:00,4407.5,
5778,2023-09-26 15:40:00-05:00,4416.25,
5784,2023-09-27 09:10:00-05:00,4415.25,
5790,2023-09-27 10:10:00-05:00,4410.75,
5796,2023-09-27 11:10:00-05:00,4392.5,
5802,2023-09-27 12:10:00-05:00,4391.0,
5808,2023-09-27 13:10:00-05:00,4384.75,
5814,2023-09-27 14:10:00-05:00,4419.25,
5820,2023-09-27 15:10:00-05:00,4419.25,
5826,2023-09-28 08:40:00-05:00,4404.25,
5832,2023-09-28 09:40:00-05:00,4425.25,
5838,2023-09-28 10:40:00-05:00,4446.5,
5844,2023-09-28 11:40:00-05:00,4445.5,
5850,2023-09-28 12:40:00-05:00,4435.5,
5856,2023-09-28 13:40:00-05:00,4432.0,
5862,2023-09-28 14:40:00-05:00,4433.75,
5868,2023-09-28 15:40:00-05:00,4441.0,
5874,2023-09-29 09:10:00-05:00,4461.0,
5880,2023-09-29 10:10:00-05:00,4457.25,
5886,2023-09-29 11:10:00-05:00,4445.25,
5892,2023-09-29 12:10:00-05:00,4418.75,
5898,2023-09-29 13:10:00-05:00,4414.0,
5904,2023-09-29 14:10:00-05:00,4431.25,
5910,2023-09-29 15:10:00-05:00,4427.75,
5916,2023-10-02 08:40:00-05:00,4420.25,
5922,2023-10-02 09:40:00-05:00,4417.0,
5928,2023-10-02 10:40:00-05:00,4416.75,
5934,2023-10-02 11:40:00-05:00,4395.75,
5940,2023-10-02 12:40:00-05:00,4406.75,
5946,2023-10-02 13:40:00-05:00,4401.0,
5952,2023-10-02 14:40:00-05:00,4412.0,
5958,2023-10-02 15:40:00-05:00,4426.25,
5964,2023-10-03 09:10:00-05:00,4377.5,
5970,2023-10-03 10:10:00-05:00,4366.75,
5976,2023-10-03 11:10:00-05:00,4368.75,
5982,2023-10-03 12:10:00-05:00,4367.75,
5988,2023-10-03 13:10:00-05:00,4352.75,
5994,2023-10-03 14:10:00-05:00,4356.25,
6000,2023-10-03 15:10:00-05:00,4367.25,
6006,2023-10-04 08:40:00-05:00,4372.0,
6012,2023-10-04 09:40:00-05:00,4355.5,
6018,2023-10-04 10:40:00-05:00,4380.25,
6024,2023-10-04 11:40:00-05:00,4387.75,
6030,2023-10-04 12:40:00-05:00,4374.75,
6036,2023-10-04 13:40:00-05:00,4375.75,
6042,2023-10-04 14:40:00-05:00,4395.0,
6048,2023-10-04 15:40:00-05:00,4390.5,
6054,2023-10-05 09:10:00-05:00,4379.75,
6060,2023-10-05 10:10:00-05:00,4359.0,
6066,2023-10-05 11:10:00-05:00,4370.5,
6072,2023-10-05 12:10:00-05:00,4369.25,
6078,2023-10-05 13:10:00-05:00,4387.75,
6084,2023-10-05 14:10:00-05:00,4389.5,
6090,2023-10-05 15:10:00-05:00,4378.75,
6096,2023-10-06 08:40:00-05:00,4358.75,
6102,2023-10-06 09:40:00-05:00,4383.75,
6108,2023-10-06 10:40:00-05:00,4426.0,
6114,2023-10-06 11:40:00-05:00,4432.0,
6120,2023-10-06 12:40:00-05:00,4441.75,
6126,2023-10-06 13:40:00-05:00,4456.5,
6132,2023-10-06 14:40:00-05:00,4452.0,
6138,2023-10-06 15:40:00-05:00,4442.5,
6144,2023-10-09 09:10:00-05:00,4429.75,
6150,2023-10-09 10:10:00-05:00,4425.25,
6156,2023-10-09 11:10:00-05:00,4440.0,
6162,2023-10-09 12:10:00-05:00,4439.25,
6168,2023-10-09 13:10:00-05:00,4467.75,
6174,2023-10-09 14:10:00-05:00,4467.25,
6180,2023-10-09 15:10:00-05:00,4461.75,
6186,2023-10-10 08:40:00-05:00,4476.25,
6192,2023-10-10 09:40:00-05:00,4497.75,
6198,2023-10-10 10:40:00-05:00,4514.25,
6204,2023-10-10 11:40:00-05:00,4513.5,
6210,2023-10-10 12:40:00-05:00,4502.75,
6216,2023-10-10 13:40:00-05:00,4499.5,
6222,2023-10-10 14:40:00-05:00,4497.0,
6228,2023-10-10 15:40:00-05:00,4482.25,
6234,2023-10-11 09:10:00-05:00,4494.25,
6240,2023-10-11 10:10:00-05:00,4490.5,
6246,2023-10-11 11:10:00-05:00,4484.75,
6252,2023-10-11 12:10:00-05:00,4480.25,
6258,2023-10-11 13:10:00-05:00,4488.25,
6264,2023-10-11 14:10:00-05:00,4497.25,
6270,2023-10-11 15:10:00-05:00,4519.5,
6276,2023-10-12 08:40:00-05:00,4502.5,
6282,2023-10-12 09:40:00-05:00,4504.25,
6288,2023-10-12 10:40:00-05:00,4504.75,
6294,2023-10-12 11:40:00-05:00,4514.0,
6300,2023-10-12 12:40:00-05:00,4474.0,
6306,2023-10-12 13:40:00-05:00,4476.75,
6312,2023-10-12 14:40:00-05:00,4482.5,
6318,2023-10-12 15:40:00-05:00,4458.75,
6324,2023-10-13 09:10:00-05:00,4488.5,
6330,2023-10-13 10:10:00-05:00,4467.75,
6336,2023-10-13 11:10:00-05:00,4466.25,
6342,2023-10-13 12:10:00-05:00,4453.5,
6348,2023-10-13 13:10:00-05:00,4457.0,
6354,2023-10-13 14:10:00-05:00,4457.5,
6360,2023-10-13 15:10:00-05:00,4442.25,
6366,2023-10-16 08:40:00-05:00,4481.75,
6372,2023-10-16 09:40:00-05:00,4509.25,
6378,2023-10-16 10:40:00-05:00,4503.0,
6384,2023-10-16 11:40:00-05:00,4502.75,
6390,2023-10-16 12:40:00-05:00,4507.25,
6396,2023-10-16 13:40:00-05:00,4503.0,
6402,2023-10-16 14:40:00-05:00,4506.5,
6408,2023-10-16 15:40:00-05:00,4509.0,
6414,2023-10-17 09:10:00-05:00,4489.75,
6420,2023-10-17 10:10:00-05:00,4504.75,
6426,2023-10-17 11:10:00-05:00,4518.25,
6432,2023-10-17 12:10:00-05:00,4510.0,
6438,2023-10-17 13:10:00-05:00,4492.0,
6444,2023-10-17 14:10:00-05:00,4495.75,
6450,2023-10-17 15:10:00-05:00,4502.0,
6456,2023-10-18 08:40:00-05:00,4480.0,
6462,2023-10-18 09:40:00-05:00,4470.5,
6468,2023-10-18 10:40:00-05:00,4466.75,
6474,2023-10-18 11:40:00-05:00,4458.75,
6480,2023-10-18 12:40:00-05:00,4458.5,
6486,2023-10-18 13:40:00-05:00,4453.25,
6492,2023-10-18 14:40:00-05:00,4433.75,
6498,2023-10-18 15:40:00-05:00,4447.0,
6504,2023-10-19 09:10:00-05:00,4440.25,
6510,2023-10-19 10:10:00-05:00,4425.5,
6516,2023-10-19 11:10:00-05:00,4454.0,
6522,2023-10-19 12:10:00-05:00,4455.0,
6528,2023-10-19 13:10:00-05:00,4430.5,
6534,2023-10-19 14:10:00-05:00,4404.25,
6540,2023-10-19 15:10:00-05:00,4394.0,
6546,2023-10-20 08:40:00-05:00,4396.25,
6552,2023-10-20 09:40:00-05:00,4364.75,
6558,2023-10-20 10:40:00-05:00,4362.0,
6564,2023-10-20 11:40:00-05:00,4372.0,
6570,2023-10-20 12:40:00-05:00,4370.0,
6576,2023-10-20 13:40:00-05:00,4359.0,
6582,2023-10-20 14:40:00-05:00,4350.25,
6588,2023-10-20 15:40:00-05:00,4342.25,
6594,2023-10-23 09:10:00-05:00,4343.0,
6600,2023-10-23 10:10:00-05:00,4353.5,
6606,2023-10-23 11:10:00-05:00,4353.0,
6612,2023-10-23 12:10:00-05:00,4360.5,
6618,2023-10-23 13:10:00-05:00,4355.25,
6624,2023-10-23 14:10:00-05:00,4352.5,
6630,2023-10-23 15:10:00-05:00,4345.0,
6636,2023-10-24 08:40:00-05:00,4358.75,
6642,2023-10-24 09:40:00-05:00,4379.25,
6648,2023-10-24 10:40:00-05:00,4361.25,
6654,2023-10-24 11:40:00-05:00,4341.5,
6660,2023-10-24 12:40:00-05:00,4353.25,
6666,2023-10-24 13:40:00-05:00,4367.5,
6672,2023-10-24 14:40:00-05:00,4371.25,
6678,2023-10-24 15:40:00-05:00,4365.0,
6684,2023-10-25 09:10:00-05:00,4322.75,
6690,2023-10-25 10:10:00-05:00,4341.0,
6696,2023-10-25 11:10:00-05:00,4319.0,
6702,2023-10-25 12:10:00-05:00,4315.0,
6708,2023-10-25 13:10:00-05:00,4308.75,
6714,2023-10-25 14:10:00-05:00,4304.25,
6720,2023-10-25 15:10:00-05:00,4313.5,
6726,2023-10-26 08:40:00-05:00,4285.75,
6732,2023-10-26 09:40:00-05:00,4288.75,
6738,2023-10-26 10:40:00-05:00,4269.75,
6744,2023-10-26 11:40:00-05:00,4246.75,
6750,2023-10-26 12:40:00-05:00,4257.5,
6756,2023-10-26 13:40:00-05:00,4272.5,
6762,2023-10-26 14:40:00-05:00,4250.75,
6768,2023-10-26 15:40:00-05:00,4251.75,
6774,2023-10-27 09:10:00-05:00,4252.5,
6780,2023-10-27 10:10:00-05:00,4263.75,
6786,2023-10-27 11:10:00-05:00,4255.25,
6792,2023-10-27 12:10:00-05:00,4229.25,
6798,2023-10-27 13:10:00-05:00,4226.0,
6804,2023-10-27 14:10:00-05:00,4220.75,
6810,2023-10-27 15:10:00-05:00,4230.0,
6816,2023-10-30 08:40:00-05:00,4274.5,
6822,2023-10-30 09:40:00-05:00,4251.75,
6828,2023-10-30 10:40:00-05:00,4256.25,
6834,2023-10-30 11:40:00-05:00,4253.75,
6840,2023-10-30 12:40:00-05:00,4276.5,
6846,2023-10-30 13:40:00-05:00,4286.25,
6852,2023-10-30 14:40:00-05:00,4283.75,
6858,2023-10-30 15:40:00-05:00,4275.0,
6864,2023-10-31 09:10:00-05:00,4282.25,
6870,2023-10-31 10:10:00-05:00,4284.0,
6876,2023-10-31 11:10:00-05:00,4278.25,
6882,2023-10-31 12:10:00-05:00,4292.75,
6888,2023-10-31 13:10:00-05:00,4298.0,
6894,2023-10-31 14:10:00-05:00,4308.0,
6900,2023-10-31 15:10:00-05:00,4298.25,
6906,2023-11-01 08:40:00-05:00,4321.5,
6912,2023-11-01 09:40:00-05:00,4336.5,
6918,2023-11-01 10:40:00-05:00,4330.5,
6924,2023-11-01 11:40:00-05:00,4320.25,
6930,2023-11-01 12:40:00-05:00,4321.75,
6936,2023-11-01 13:40:00-05:00,4321.25,
6942,2023-11-01 14:40:00-05:00,4354.25,
6948,2023-11-01 15:40:00-05:00,4353.5,
6954,2023-11-02 09:10:00-05:00,4398.75,
6960,2023-11-02 10:10:00-05:00,4413.5,
6966,2023-11-02 11:10:00-05:00,4412.5,
6972,2023-11-02 12:10:00-05:00,4421.25,
6978,2023-11-02 13:10:00-05:00,4426.75,
6984,2023-11-02 14:10:00-05:00,4429.5,
6990,2023-11-02 15:10:00-05:00,4429.5,
6996,2023-11-03 08:40:00-05:00,4469.25,
7002,2023-11-03 09:40:00-05:00,4465.0,
7008,2023-11-03 10:40:00-05:00,4474.0,
7014,2023-11-03 11:40:00-05:00,4480.0,
7020,2023-11-03 12:40:00-05:00,4477.5,
7026,2023-11-03 13:40:00-05:00,4487.0,
7032,2023-11-03 14:40:00-05:00,4476.25,
7038,2023-11-03 15:40:00-05:00,4474.25,
7044,2023-11-06 09:10:00-06:00,4477.0,
7050,2023-11-06 10:10:00-06:00,4482.25,
7056,2023-11-06 11:10:00-06:00,4476.5,
7062,2023-11-06 12:10:00-06:00,4465.25,
7068,2023-11-06 13:10:00-06:00,4466.0,
7074,2023-11-06 14:10:00-06:00,4476.25,
7080,2023-11-06 15:10:00-06:00,4479.75,
7086,2023-11-07 08:40:00-06:00,4473.5,
7092,2023-11-07 09:40:00-06:00,4497.25,
7098,2023-11-07 10:40:00-06:00,4493.5,
7104,2023-11-07 11:40:00-06:00,4488.5,
7110,2023-11-07 12:40:00-06:00,4498.75,
7116,2023-11-07 13:40:00-06:00,4495.25,
7122,2023-11-07 14:40:00-06:00,4498.25,
7128,2023-11-07 15:40:00-06:00,4494.5,
7134,2023-11-08 09:10:00-06:00,4498.25,
7140,2023-11-08 10:10:00-06:00,4495.25,
7146,2023-11-08 11:10:00-06:00,4479.75,
7152,2023-11-08 12:10:00-06:00,4483.0,
7158,2023-11-08 13:10:00-06:00,4493.5,
7164,2023-11-08 14:10:00-06:00,4493.25,
7170,2023-11-08 15:10:00-06:00,4494.5,
7176,2023-11-09 08:40:00-06:00,4494.5,
7182,2023-11-09 09:40:00-06:00,4487.75,
7188,2023-11-09 10:40:00-06:00,4501.25,
7194,2023-11-09 11:40:00-06:00,4498.5,
7200,2023-11-09 12:40:00-06:00,4480.25,
7206,2023-11-09 13:40:00-06:00,4465.25,
7212,2023-11-09 14:40:00-06:00,4457.75,
7218,2023-11-09 15:40:00-06:00,4464.5,
7224,2023-11-10 09:10:00-06:00,4477.25,
7230,2023-11-10 10:10:00-06:00,4489.25,
7236,2023-11-10 11:10:00-06:00,4496.5,
7242,2023-11-10 12:10:00-06:00,4508.25,
7248,2023-11-10 13:10:00-06:00,4521.5,
7254,2023-11-10 14:10:00-06:00,4525.5,
7260,2023-11-10 15:10:00-06:00,4531.5,
7266,2023-11-13 08:40:00-06:00,4510.75,
7272,2023-11-13 09:40:00-06:00,4518.25,
7278,2023-11-13 10:40:00-06:00,4533.5,
7284,2023-11-13 11:40:00-06:00,4526.75,
7290,2023-11-13 12:40:00-06:00,4532.5,
7296,2023-11-13 13:40:00-06:00,4532.75,
7302,2023-11-13 14:40:00-06:00,4529.25,
7308,2023-11-13 15:40:00-06:00,4527.5,
7314,2023-11-14 09:10:00-06:00,4606.0,
7320,2023-11-14 10:10:00-06:00,4616.75,
7326,2023-11-14 11:10:00-06:00,4605.0,
7332,2023-11-14 12:10:00-06:00,4609.5,
7338,2023-11-14 13:10:00-06:00,4605.25,
7344,2023-11-14 14:10:00-06:00,4623.75,
7350,2023-11-14 15:10:00-06:00,4613.25,
7356,2023-11-15 08:40:00-06:00,4624.25,
7362,2023-11-15 09:40:00-06:00,4635.5,
7368,2023-11-15 10:40:00-06:00,4625.0,
7374,2023-11-15 11:40:00-06:00,4624.75,
7380,2023-11-15 12:40:00-06:00,4624.75,
7386,2023-11-15 13:40:00-06:00,4624.5,
7392,2023-11-15 14:40:00-06:00,4617.75,
7398,2023-11-15 15:40:00-06:00,4613.0,
7404,2023-11-16 09:10:00-06:00,4614.0,
7410,2023-11-16 10:10:00-06:00,4606.5,
7416,2023-11-16 11:10:00-06:00,4612.0,
7422,2023-11-16 12:10:00-06:00,4612.75,
7428,2023-11-16 13:10:00-06:00,4613.25,
7434,2023-11-16 14:10:00-06:00,4616.5,
7440,2023-11-16 15:10:00-06:00,4624.25,
7446,2023-11-17 08:40:00-06:00,4618.75,
7452,2023-11-17 09:40:00-06:00,4620.25,
7458,2023-11-17 10:40:00-06:00,4619.5,
7464,2023-11-17 11:40:00-06:00,4624.0,
7470,2023-11-17 12:40:00-06:00,4629.75,
7476,2023-11-17 13:40:00-06:00,4628.25,
7482,2023-11-17 14:40:00-06:00,4623.5,
7488,2023-11-17 15:40:00-06:00,4625.25,
7494,2023-11-20 09:10:00-06:00,4640.5,
7500,2023-11-20 10:10:00-06:00,4648.0,
7506,2023-11-20 11:10:00-06:00,4650.75,
7512,2023-11-20 12:10:00-06:00,4655.5,
7518,2023-11-20 13:10:00-06:00,4659.5,
7524,2023-11-20 14:10:00-06:00,4671.75,
7530,2023-11-20 15:10:00-06:00,4661.25,
7536,2023-11-21 08:40:00-06:00,4647.75,
7542,2023-11-21 09:40:00-06:00,4645.0,
7548,2023-11-21 10:40:00-06:00,4646.75,
7554,2023-11-21 11:40:00-06:00,4654.25,
7560,2023-11-21 12:40:00-06:00,4653.75,
7566,2023-11-21 13:40:00-06:00,4650.5,
7572,2023-11-21 14:40:00-06:00,4652.0,
7578,2023-11-21 15:40:00-06:00,4648.5,
7584,2023-11-22 09:10:00-06:00,4662.25,
7590,2023-11-22 10:10:00-06:00,4667.25,
7596,2023-11-22 11:10:00-06:00,4673.75,
7602,2023-11-22 12:10:00-06:00,4670.75,
7608,2023-11-22 13:10:00-06:00,4673.75,
7614,2023-11-22 14:10:00-06:00,4669.25,
7620,2023-11-22 15:10:00-06:00,4668.5,
7626,2023-11-24 08:40:00-06:00,4667.0,
7632,2023-11-24 09:40:00-06:00,4668.5,
7638,2023-11-24 10:40:00-06:00,4667.25,
7644,2023-11-24 11:40:00-06:00,4667.75,
7650,2023-11-27 08:50:00-06:00,4665.5,
7656,2023-11-27 09:50:00-06:00,4665.25,
7662,2023-11-27 10:50:00-06:00,4667.5,
7668,2023-11-27 11:50:00-06:00,4669.25,
7674,2023-11-27 12:50:00-06:00,4668.5,
7680,2023-11-27 13:50:00-06:00,4664.0,
7686,2023-11-27 14:50:00-06:00,4662.5,
7692,2023-11-27 15:50:00-06:00,4665.5,
7698,2023-11-28 09:20:00-06:00,4656.75,
7704,2023-11-28 10:20:00-06:00,4671.75,
7710,2023-11-28 11:20:00-06:00,4670.0,
7716,2023-11-28 12:20:00-06:00,4661.25,
7722,2023-11-28 13:20:00-06:00,4658.25,
7728,2023-11-28 14:20:00-06:00,4659.75,
7734,2023-11-28 15:20:00-06:00,4666.0,
7740,2023-11-29 08:50:00-06:00,4696.75,
7746,2023-11-29 09:50:00-06:00,4681.0,
7752,2023-11-29 10:50:00-06:00,4672.25,
7758,2023-11-29 11:50:00-06:00,4677.5,
7764,2023-11-29 12:50:00-06:00,4676.0,
7770,2023-11-29 13:50:00-06:00,4669.75,
7776,2023-11-29 14:50:00-06:00,4660.5,
7782,2023-11-29 15:50:00-06:00,4671.0,
7788,2023-11-30 09:20:00-06:00,4660.5,
7794,2023-11-30 10:20:00-06:00,4656.25,
7800,2023-11-30 11:20:00-06:00,4647.75,
7806,2023-11-30 12:20:00-06:00,4648.25,
7812,2023-11-30 13:20:00-06:00,4655.5,
7818,2023-11-30 14:20:00-06:00,4653.5,
7824,2023-11-30 15:20:00-06:00,4673.75,
7830,2023-12-01 08:50:00-06:00,4674.5,
7836,2023-12-01 09:50:00-06:00,4674.5,
7842,2023-12-01 10:50:00-06:00,4695.0,
7848,2023-12-01 11:50:00-06:00,4706.0,
7854,2023-12-01 12:50:00-06:00,4694.75,
7860,2023-12-01 13:50:00-06:00,4702.5,
7866,2023-12-01 14:50:00-06:00,4702.25,
7872,2023-12-01 15:50:00-06:00,4700.0,
7878,2023-12-04 09:20:00-06:00,4658.25,
7884,2023-12-04 10:20:00-06:00,4661.0,
7890,2023-12-04 11:20:00-06:00,4673.5,
7896,2023-12-04 12:20:00-06:00,4669.5,
7902,2023-12-04 13:20:00-06:00,4669.0,
7908,2023-12-04 14:20:00-06:00,4671.0,
7914,2023-12-04 15:20:00-06:00,4674.0,
7920,2023-12-05 08:50:00-06:00,4664.25,
7926,2023-12-05 09:50:00-06:00,4684.0,
7932,2023-12-05 10:50:00-06:00,4670.5,
7938,2023-12-05 11:50:00-06:00,4672.25,
7944,2023-12-05 12:50:00-06:00,4672.0,
7950,2023-12-05 13:50:00-06:00,4676.5,
7956,2023-12-05 14:50:00-06:00,4676.25,
7962,2023-12-05 15:50:00-06:00,4675.75,
7968,2023-12-06 09:20:00-06:00,4680.5,
7974,2023-12-06 10:20:00-06:00,4677.75,
7980,2023-12-06 11:20:00-06:00,4671.75,
7986,2023-12-06 12:20:00-06:00,4673.0,
7992,2023-12-06 13:20:00-06:00,4668.25,
7998,2023-12-06 14:20:00-06:00,4659.0,
8004,2023-12-06 15:20:00-06:00,4655.75,
8010,2023-12-07 08:50:00-06:00,4672.0,
8016,2023-12-07 09:50:00-06:00,4686.25,
8022,2023-12-07 10:50:00-06:00,4688.25,
8028,2023-12-07 11:50:00-06:00,4689.5,
8034,2023-12-07 12:50:00-06:00,4691.0,
8040,2023-12-07 13:50:00-06:00,4688.25,
8046,2023-12-07 14:50:00-06:00,4690.0,
8052,2023-12-07 15:50:00-06:00,4683.0,
8058,2023-12-08 09:20:00-06:00,4707.5,
8064,2023-12-08 10:20:00-06:00,4695.75,
8070,2023-12-08 11:20:00-06:00,4698.0,
8076,2023-12-08 12:20:00-06:00,4704.5,
8082,2023-12-08 13:20:00-06:00,4709.75,
8088,2023-12-08 14:20:00-06:00,4713.75,
8094,2023-12-08 15:20:00-06:00,4712.0,
8100,2023-12-11 08:50:00-06:00,4714.0,
8106,2023-12-11 09:50:00-06:00,4718.0,
8112,2023-12-11 10:50:00-06:00,4714.75,
8118,2023-12-11 11:50:00-06:00,4719.5,
8124,2023-12-11 12:50:00-06:00,4726.25,
8130,2023-12-11 13:50:00-06:00,4725.25,
8136,2023-12-11 14:50:00-06:00,4729.5,
8142,2023-12-11 15:50:00-06:00,4727.25,
8148,2023-12-12 09:20:00-06:00,4728.25,
8154,2023-12-12 10:20:00-06:00,4733.0,
8160,2023-12-12 11:20:00-06:00,4736.25,
8166,2023-12-12 12:20:00-06:00,4737.0,
8172,2023-12-12 13:20:00-06:00,4740.25,
8178,2023-12-12 14:20:00-06:00,4749.25,
8184,2023-12-12 15:20:00-06:00,4753.0,
8190,2023-12-13 08:50:00-06:00,4752.0,
8196,2023-12-13 09:50:00-06:00,4758.75,
8202,2023-12-13 10:50:00-06:00,4753.75,
8208,2023-12-13 11:50:00-06:00,4752.0,
8214,2023-12-13 12:50:00-06:00,4754.25,
8220,2023-12-13 13:50:00-06:00,4805.75,
8226,2023-12-13 14:50:00-06:00,4812.25,
8232,2023-12-13 15:50:00-06:00,4800.0,
8238,2023-12-14 09:20:00-06:00,4828.25,
8244,2023-12-14 10:20:00-06:00,4824.5,
8250,2023-12-14 11:20:00-06:00,4838.25,
8256,2023-12-14 12:20:00-06:00,4813.75,
8262,2023-12-14 13:20:00-06:00,4816.5,
8268,2023-12-14 14:20:00-06:00,4820.25,
8274,2023-12-14 15:20:00-06:00,4820.0,
8280,2023-12-15 08:50:00-06:00,4815.5,
8286,2023-12-15 09:50:00-06:00,4827.75,
8292,2023-12-15 10:50:00-06:00,4825.25,
8298,2023-12-15 11:50:00-06:00,4818.25,
8304,2023-12-15 12:50:00-06:00,4811.75,
8310,2023-12-15 13:50:00-06:00,4815.0,
8316,2023-12-15 14:50:00-06:00,4818.5,
8322,2023-12-15 15:50:00-06:00,4821.25,
8328,2023-12-18 09:20:00-06:00,4842.25,
8334,2023-12-18 10:20:00-06:00,4844.5,
8340,2023-12-18 11:20:00-06:00,4849.5,
8346,2023-12-18 12:20:00-06:00,4850.0,
8352,2023-12-18 13:20:00-06:00,4849.5,
8358,2023-12-18 14:20:00-06:00,4852.0,
8364,2023-12-18 15:20:00-06:00,4842.25,
8370,2023-12-19 08:50:00-06:00,4859.25,
8376,2023-12-19 09:50:00-06:00,4865.0,
8382,2023-12-19 10:50:00-06:00,4863.25,
8388,2023-12-19 11:50:00-06:00,4864.75,
8394,2023-12-19 12:50:00-06:00,4866.0,
8400,2023-12-19 13:50:00-06:00,4866.0,
8406,2023-12-19 14:50:00-06:00,4872.75,
8412,2023-12-19 15:50:00-06:00,4870.0,
8418,2023-12-20 09:20:00-06:00,4875.0,
8424,2023-12-20 10:20:00-06:00,4876.5,
8430,2023-12-20 11:20:00-06:00,4878.25,
8436,2023-12-20 12:20:00-06:00,4879.5,
8442,2023-12-20 13:20:00-06:00,4869.25,
8448,2023-12-20 14:20:00-06:00,4814.75,
8454,2023-12-20 15:20:00-06:00,4801.25,
8460,2023-12-21 08:50:00-06:00,4833.0,
8466,2023-12-21 09:50:00-06:00,4830.75,
8472,2023-12-21 10:50:00-06:00,4824.25,
8478,2023-12-21 11:50:00-06:00,4813.25,
8484,2023-12-21 12:50:00-06:00,4824.25,
8490,2023-12-21 13:50:00-06:00,4824.5,
8496,2023-12-21 14:50:00-06:00,4846.75,
8502,2023-12-21 15:50:00-06:00,4847.0,
8508,2023-12-22 09:20:00-06:00,4870.75,
8514,2023-12-22 10:20:00-06:00,4863.0,
8520,2023-12-22 11:20:00-06:00,4860.5,
8526,2023-12-22 12:20:00-06:00,4865.25,
8532,2023-12-22 13:20:00-06:00,4839.75,
8538,2023-12-22 14:20:00-06:00,4859.0,
8544,2023-12-22 15:20:00-06:00,4851.0,
8550,2023-12-26 08:50:00-06:00,4866.0,
8556,2023-12-26 09:50:00-06:00,4868.75,
8562,2023-12-26 10:50:00-06:00,4870.5,
8568,2023-12-26 11:50:00-06:00,4870.5,
8574,2023-12-26 12:50:00-06:00,4871.75,
8580,2023-12-26 13:50:00-06:00,4877.5,
8586,2023-12-26 14:50:00-06:00,4876.75,
8592,2023-12-26 15:50:00-06:00,4878.75,
8598,2023-12-27 09:20:00-06:00,4876.5,
8604,2023-12-27 10:20:00-06:00,4873.5,
8610,2023-12-27 11:20:00-06:00,4877.5,
8616,2023-12-27 12:20:00-06:00,4881.75,
8622,2023-12-27 13:20:00-06:00,4877.0,
8628,2023-12-27 14:20:00-06:00,4875.25,
8634,2023-12-27 15:20:00-06:00,4885.25,
8640,2023-12-28 08:50:00-06:00,4887.25,
8646,2023-12-28 09:50:00-06:00,4886.5,
8652,2023-12-28 10:50:00-06:00,4884.5,
8658,2023-12-28 11:50:00-06:00,4888.75,
8664,2023-12-28 12:50:00-06:00,4886.25,
8670,2023-12-28 13:50:00-06:00,4888.25,
8676,2023-12-28 14:50:00-06:00,4884.75,
8682,2023-12-28 15:50:00-06:00,4884.75,
8688,2023-12-29 09:20:00-06:00,4883.25,
8694,2023-12-29 10:20:00-06:00,4855.0,
8700,2023-12-29 11:20:00-06:00,4850.75,
8706,2023-12-29 12:20:00-06:00,4859.75,
8712,2023-12-29 13:20:00-06:00,4865.5,
8718,2023-12-29 14:20:00-06:00,4873.0,
8724,2023-12-29 15:20:00-06:00,4865.25,
8730,2024-01-02 08:50:00-06:00,4834.25,
8736,2024-01-02 09:50:00-06:00,4828.5,
8742,2024-01-02 10:50:00-06:00,4843.5,
8748,2024-01-02 11:50:00-06:00,4838.5,
8754,2024-01-02 12:50:00-06:00,4833.25,
8760,2024-01-02 13:50:00-06:00,4821.0,
8766,2024-01-02 14:50:00-06:00,4839.0,
8772,2024-01-02 15:50:00-06:00,4839.5,
8778,2024-01-03 09:20:00-06:00,4805.75,
8784,2024-01-03 10:20:00-06:00,4807.75,
8790,2024-01-03 11:20:00-06:00,4806.25,
8796,2024-01-03 12:20:00-06:00,4814.0,
8802,2024-01-03 13:20:00-06:00,4820.0,
8808,2024-01-03 14:20:00-06:00,4803.25,
8814,2024-01-03 15:20:00-06:00,4797.75,
8820,2024-01-04 08:50:00-06:00,4797.75,
8826,2024-01-04 09:50:00-06:00,4807.25,
8832,2024-01-04 10:50:00-06:00,4805.5,
8838,2024-01-04 11:50:00-06:00,4799.75,
8844,2024-01-04 12:50:00-06:00,4799.0,
8850,2024-01-04 13:50:00-06:00,4795.25,
8856,2024-01-04 14:50:00-06:00,4781.75,
8862,2024-01-04 15:50:00-06:00,4784.25,
8868,2024-01-05 09:20:00-06:00,4802.0,
8874,2024-01-05 10:20:00-06:00,4798.5,
8880,2024-01-05 11:20:00-06:00,4780.75,
8886,2024-01-05 12:20:00-06:00,4785.0,
8892,2024-01-05 13:20:00-06:00,4789.25,
8898,2024-01-05 14:20:00-06:00,4776.5,
8904,2024-01-05 15:20:00-06:00,4787.25,
8910,2024-01-08 08:50:00-06:00,4804.0,
8916,2024-01-08 09:50:00-06:00,4810.5,
8922,2024-01-08 10:50:00-06:00,4815.5,
8928,2024-01-08 11:50:00-06:00,4821.75,
8934,2024-01-08 12:50:00-06:00,4827.75,
8940,2024-01-08 13:50:00-06:00,4845.75,
8946,2024-01-08 14:50:00-06:00,4853.75,
8952,2024-01-08 15:50:00-06:00,4850.5,
8958,2024-01-09 09:20:00-06:00,4831.75,
8964,2024-01-09 10:20:00-06:00,4839.75,
8970,2024-01-09 11:20:00-06:00,4849.25,
8976,2024-01-09 12:20:00-06:00,4845.0,
8982,2024-01-09 13:20:00-06:00,4843.0,
8988,2024-01-09 14:20:00-06:00,4844.75,
8994,2024-01-09 15:20:00-06:00,4844.0,
9000,2024-01-10 08:50:00-06:00,4853.5,
9006,2024-01-10 09:50:00-06:00,4858.5,
9012,2024-01-10 10:50:00-06:00,4855.5,
9018,2024-01-10 11:50:00-06:00,4860.25,
9024,2024-01-10 12:50:00-06:00,4864.25,
9030,2024-01-10 13:50:00-06:00,4879.75,
9036,2024-01-10 14:50:00-06:00,4872.0,
9042,2024-01-10 15:50:00-06:00,4872.75,
9048,2024-01-11 09:20:00-06:00,4853.0,
9054,2024-01-11 10:20:00-06:00,4833.25,
9060,2024-01-11 11:20:00-06:00,4832.25,
9066,2024-01-11 12:20:00-06:00,4850.75,
9072,2024-01-11 13:20:00-06:00,4864.5,
9078,2024-01-11 14:20:00-06:00,4862.5,
9084,2024-01-11 15:20:00-06:00,4865.5,
9090,2024-01-12 08:50:00-06:00,4873.75,
9096,2024-01-12 09:50:00-06:00,4860.0,
9102,2024-01-12 10:50:00-06:00,4858.75,
9108,2024-01-12 11:50:00-06:00,4863.25,
9114,2024-01-12 12:50:00-06:00,4871.75,
9120,2024-01-12 13:50:00-06:00,4865.0,
9126,2024-01-12 14:50:00-06:00,4868.5,
9132,2024-01-12 15:50:00-06:00,4863.5,
9138,2024-01-16 09:20:00-06:00,4860.5,
9144,2024-01-16 10:20:00-06:00,4860.5,
9150,2024-01-16 11:20:00-06:00,4845.75,
9156,2024-01-16 12:20:00-06:00,4851.5,
9162,2024-01-16 13:20:00-06:00,4837.25,
9168,2024-01-16 14:20:00-06:00,4842.0,
9174,2024-01-16 15:20:00-06:00,4852.25,
9180,2024-01-17 08:50:00-06:00,4813.75,
9186,2024-01-17 09:50:00-06:00,4820.75,
9192,2024-01-17 10:50:00-06:00,4822.75,
9198,2024-01-17 11:50:00-06:00,4817.5,
9204,2024-01-17 12:50:00-06:00,4807.0,
9210,2024-01-17 13:50:00-06:00,4815.5,
9216,2024-01-17 14:50:00-06:00,4823.5,
9222,2024-01-17 15:50:00-06:00,4822.0,
9228,2024-01-18 09:20:00-06:00,4840.5,
9234,2024-01-18 10:20:00-06:00,4845.75,
9240,2024-01-18 11:20:00-06:00,4834.5,
9246,2024-01-18 12:20:00-06:00,4825.75,
9252,2024-01-18 13:20:00-06:00,4855.5,
9258,2024-01-18 14:20:00-06:00,4863.5,
9264,2024-01-18 15:20:00-06:00,4866.0,
9270,2024-01-19 08:50:00-06:00,4877.0,
9276,2024-01-19 09:50:00-06:00,4882.5,
9282,2024-01-19 10:50:00-06:00,4888.75,
9288,2024-01-19 11:50:00-06:00,4902.5,
9294,2024-01-19 12:50:00-06:00,4918.0,
9300,2024-01-19 13:50:00-06:00,4923.5,
9306,2024-01-19 14:50:00-06:00,4925.5,
9312,2024-01-19 15:50:00-06:00,4925.0,
9318,2024-01-22 09:20:00-06:00,4945.25,
9324,2024-01-22 10:20:00-06:00,4942.25,
9330,2024-01-22 11:20:00-06:00,4940.75,
9336,2024-01-22 12:20:00-06:00,4930.25,
9342,2024-01-22 13:20:00-06:00,4937.25,
9348,2024-01-22 14:20:00-06:00,4942.5,
9354,2024-01-22 15:20:00-06:00,4936.5,
9360,2024-01-23 08:50:00-06:00,4940.5,
9366,2024-01-23 09:50:00-06:00,4933.5,
9372,2024-01-23 10:50:00-06:00,4936.0,
9378,2024-01-23 11:50:00-06:00,4940.0,
9384,2024-01-23 12:50:00-06:00,4940.75,
9390,2024-01-23 13:50:00-06:00,4944.25,
9396,2024-01-23 14:50:00-06:00,4950.25,
9402,2024-01-23 15:50:00-06:00,4956.5,
9408,2024-01-24 09:20:00-06:00,4976.25,
9414,2024-01-24 10:20:00-06:00,4981.0,
9420,2024-01-24 11:20:00-06:00,4984.75,
9426,2024-01-24 12:20:00-06:00,4982.0,
9432,2024-01-24 13:20:00-06:00,4963.5,
9438,2024-01-24 14:20:00-06:00,4956.25,
9444,2024-01-24 15:20:00-06:00,4948.5,
9450,2024-01-25 08:50:00-06:00,4972.0,
9456,2024-01-25 09:50:00-06:00,4971.25,
9462,2024-01-25 10:50:00-06:00,4975.5,
9468,2024-01-25 11:50:00-06:00,4964.75,
9474,2024-01-25 12:50:00-06:00,4958.75,
9480,2024-01-25 13:50:00-06:00,4965.75,
9486,2024-01-25 14:50:00-06:00,4980.25,
9492,2024-01-25 15:50:00-06:00,4975.0,
9498,2024-01-26 09:20:00-06:00,4980.5,
9504,2024-01-26 10:20:00-06:00,4986.5,
9510,2024-01-26 11:20:00-06:00,4982.5,
9516,2024-01-26 12:20:00-06:00,4972.75,
9522,2024-01-26 13:20:00-06:00,4970.75,
9528,2024-01-26 14:20:00-06:00,4973.5,
9534,2024-01-26 15:20:00-06:00,4971.25,
9540,2024-01-29 08:50:00-06:00,4977.75,
9546,2024-01-29 09:50:00-06:00,4970.5,
9552,2024-01-29 10:50:00-06:00,4978.75,
9558,2024-01-29 11:50:00-06:00,4979.25,
9564,2024-01-29 12:50:00-06:00,4979.75,
9570,2024-01-29 13:50:00-06:00,4986.25,
9576,2024-01-29 14:50:00-06:00,5010.75,
9582,2024-01-29 15:50:00-06:00,5006.0,
9588,2024-01-30 09:20:00-06:00,5004.5,
9594,2024-01-30 10:20:00-06:00,5007.75,
9600,2024-01-30 11:20:00-06:00,5002.5,
9606,2024-01-30 12:20:00-06:00,5006.25,
9612,2024-01-30 13:20:00-06:00,5009.5,
9618,2024-01-30 14:20:00-06:00,5011.25,
9624,2024-01-30 15:20:00-06:00,4997.0,
9630,2024-01-31 08:50:00-06:00,4971.5,
9636,2024-01-31 09:50:00-06:00,4961.25,
9642,2024-01-31 10:50:00-06:00,4962.25,
9648,2024-01-31 11:50:00-06:00,4967.25,
9654,2024-01-31 12:50:00-06:00,4965.0,
9660,2024-01-31 13:50:00-06:00,4958.75,
9666,2024-01-31 14:50:00-06:00,4923.5,
9672,2024-01-31 15:50:00-06:00,4926.75,
9678,2024-02-01 09:20:00-06:00,4953.75,
9684,2024-02-01 10:20:00-06:00,4936.5,
9690,2024-02-01 11:20:00-06:00,4956.25,
9696,2024-02-01 12:20:00-06:00,4962.0,
9702,2024-02-01 13:20:00-06:00,4966.25,
9708,2024-02-01 14:20:00-06:00,4979.0,
9714,2024-02-01 15:20:00-06:00,5004.75,
9720,2024-02-02 08:50:00-06:00,4997.5,
9726,2024-02-02 09:50:00-06:00,5015.0,
9732,2024-02-02 10:50:00-06:00,5029.25,
9738,2024-02-02 11:50:00-06:00,5030.0,
9744,2024-02-02 12:50:00-06:00,5036.75,
9750,2024-02-02 13:50:00-06:00,5051.0,
9756,2024-02-02 14:50:00-06:00,5036.25,
9762,2024-02-02 15:50:00-06:00,5030.0,
9768,2024-02-05 09:20:00-06:00,5006.0,
9774,2024-02-05 10:20:00-06:00,5005.25,
9780,2024-02-05 11:20:00-06:00,5020.0,
9786,2024-02-05 12:20:00-06:00,5019.0,
9792,2024-02-05 13:20:00-06:00,5027.5,
9798,2024-02-05 14:20:00-06:00,5029.5,
9804,2024-02-05 15:20:00-06:00,5016.25,
9810,2024-02-06 08:50:00-06:00,5022.0,
9816,2024-02-06 09:50:00-06:00,5019.75,
9822,2024-02-06 10:50:00-06:00,5015.0,
9828,2024-02-06 11:50:00-06:00,5017.25,
9834,2024-02-06 12:50:00-06:00,5027.0,
9840,2024-02-06 13:50:00-06:00,5023.0,
9846,2024-02-06 14:50:00-06:00,5031.75,
9852,2024-02-06 15:50:00-06:00,5029.0,
9858,2024-02-07 09:20:00-06:00,5071.75,
9864,2024-02-07 10:20:00-06:00,5063.0,
9870,2024-02-07 11:20:00-06:00,5065.25,
9876,2024-02-07 12:20:00-06:00,5074.0,
9882,2024-02-07 13:20:00-06:00,5071.5,
9888,2024-02-07 14:20:00-06:00,5074.0,
9894,2024-02-07 15:20:00-06:00,5071.5,
9900,2024-02-08 08:50:00-06:00,5069.75,
9906,2024-02-08 09:50:00-06:00,5071.5,
9912,2024-02-08 10:50:00-06:00,5068.25,
9918,2024-02-08 11:50:00-06:00,5065.75,
9924,2024-02-08 12:50:00-06:00,5071.25,
9930,2024-02-08 13:50:00-06:00,5072.5,
9936,2024-02-08 14:50:00-06:00,5074.75,
9942,2024-02-08 15:50:00-06:00,5072.25,
9948,2024-02-09 09:20:00-06:00,5086.25,
9954,2024-02-09 10:20:00-06:00,5087.25,
9960,2024-02-09 11:20:00-06:00,5091.25,
9966,2024-02-09 12:20:00-06:00,5097.5,
9972,2024-02-09 13:20:00-06:00,5100.75,
9978,2024-02-09 14:20:00-06:00,5101.25,
9984,2024-02-09 15:20:00-06:00,5101.25,
9990,2024-02-12 08:50:00-06:00,5103.75,
9996,2024-02-12 09:50:00-06:00,5110.5,
10002,2024-02-12 10:50:00-06:00,5123.25,
10008,2024-02-12 11:50:00-06:00,5122.25,
10014,2024-02-12 12:50:00-06:00,5110.5,
10020,2024-02-12 13:50:00-06:00,5095.75,
10026,2024-02-12 14:50:00-06:00,5100.0,
10032,2024-02-12 15:50:00-06:00,5094.25,
10038,2024-02-13 09:20:00-06:00,5036.75,
10044,2024-02-13 10:20:00-06:00,5043.75,
10050,2024-02-13 11:20:00-06:00,5033.0,
10056,2024-02-13 12:20:00-06:00,5030.0,
10062,2024-02-13 13:20:00-06:00,5008.25,
10068,2024-02-13 14:20:00-06:00,5000.25,
10074,2024-02-13 15:20:00-06:00,5028.75,
10080,2024-02-14 08:50:00-06:00,5056.25,
10086,2024-02-14 09:50:00-06:00,5047.0,
10092,2024-02-14 10:50:00-06:00,5040.5,
10098,2024-02-14 11:50:00-06:00,5049.25,
10104,2024-02-14 12:50:00-06:00,5053.25,
10110,2024-02-14 13:50:00-06:00,5056.5,
10116,2024-02-14 14:50:00-06:00,5073.75,
10122,2024-02-14 15:50:00-06:00,5076.5,
10128,2024-02-15 09:20:00-06:00,5081.75,
10134,2024-02-15 10:20:00-06:00,5079.5,
10140,2024-02-15 11:20:00-06:00,5089.25,
10146,2024-02-15 12:20:00-06:00,5099.75,
10152,2024-02-15 13:20:00-06:00,5100.25,
10158,2024-02-15 14:20:00-06:00,5101.75,
10164,2024-02-15 15:20:00-06:00,5109.75,
10170,2024-02-16 08:50:00-06:00,5083.25,
10176,2024-02-16 09:50:00-06:00,5094.0,
10182,2024-02-16 10:50:00-06:00,5107.25,
10188,2024-02-16 11:50:00-06:00,5103.5,
10194,2024-02-16 12:50:00-06:00,5108.75,
10200,2024-02-16 13:50:00-06:00,5090.5,
10206,2024-02-16 14:50:00-06:00,5079.5,
10212,2024-02-16 15:50:00-06:00,5073.25,
10218,2024-02-20 09:20:00-06:00,5045.0,
10224,2024-02-20 10:20:00-06:00,5052.0,
10230,2024-02-20 11:20:00-06:00,5033.0,
10236,2024-02-20 12:20:00-06:00,5034.75,
10242,2024-02-20 13:20:00-06:00,5043.0,
10248,2024-02-20 14:20:00-06:00,5050.25,
10254,2024-02-20 15:20:00-06:00,5047.5,
10260,2024-02-21 08:50:00-06:00,5034.75,
10266,2024-02-21 09:50:00-06:00,5035.0,
10272,2024-02-21 10:50:00-06:00,5042.0,
10278,2024-02-21 11:50:00-06:00,5038.0,
10284,2024-02-21 12:50:00-06:00,5035.75,
10290,2024-02-21 13:50:00-06:00,5028.0,
10296,2024-02-21 14:50:00-06:00,5054.25,
10302,2024-02-21 15:50:00-06:00,5078.5,
10308,2024-02-22 09:20:00-06:00,5136.0,
10314,2024-02-22 10:20:00-06:00,5136.75,
10320,2024-02-22 11:20:00-06:00,5142.25,
10326,2024-02-22 12:20:00-06:00,5151.25,
10332,2024-02-22 13:20:00-06:00,5168.0,
10338,2024-02-22 14:20:00-06:00,5161.0,
10344,2024-02-22 15:20:00-06:00,5154.25,
10350,2024-02-23 08:50:00-06:00,5180.5,
10356,2024-02-23 09:50:00-06:00,5170.0,
10362,2024-02-23 10:50:00-06:00,5167.5,
10368,2024-02-23 11:50:00-06:00,5169.0,
10374,2024-02-23 12:50:00-06:00,5168.0,
10380,2024-02-23 13:50:00-06:00,5166.0,
10386,2024-02-23 14:50:00-06:00,5160.75,
10392,2024-02-23 15:50:00-06:00,5156.5,
10398,2024-02-26 09:20:00-06:00,5161.25,
10404,2024-02-26 10:20:00-06:00,5155.5,
10410,2024-02-26 11:20:00-06:00,5159.5,
10416,2024-02-26 12:20:00-06:00,5147.75,
10422,2024-02-26 13:20:00-06:00,5153.25,
10428,2024-02-26 14:20:00-06:00,5150.25,
10434,2024-02-26 15:20:00-06:00,5140.0,
10440,2024-02-27 08:50:00-06:00,5140.0,
10446,2024-02-27 09:50:00-06:00,5141.75,
10452,2024-02-27 10:50:00-06:00,5139.5,
10458,2024-02-27 11:50:00-06:00,5131.0,
10464,2024-02-27 12:50:00-06:00,5138.25,
10470,2024-02-27 13:50:00-06:00,5147.0,
10476,2024-02-27 14:50:00-06:00,5149.75,
10482,2024-02-27 15:50:00-06:00,5151.25,
10488,2024-02-28 09:20:00-06:00,5136.5,
10494,2024-02-28 10:20:00-06:00,5145.25,
10500,2024-02-28 11:20:00-06:00,5140.5,
10506,2024-02-28 12:20:00-06:00,5145.0,
10512,2024-02-28 13:20:00-06:00,5137.5,
10518,2024-02-28 14:20:00-06:00,5141.5,
10524,2024-02-28 15:20:00-06:00,5130.5,
10530,2024-02-29 08:50:00-06:00,5163.25,
10536,2024-02-29 09:50:00-06:00,5152.25,
10542,2024-02-29 10:50:00-06:00,5144.25,
10548,2024-02-29 11:50:00-06:00,5151.75,
10554,2024-02-29 12:50:00-06:00,5156.5,
10560,2024-02-29 13:50:00-06:00,5155.75,
10566,2024-02-29 14:50:00-06:00,5158.0,
10572,2024-02-29 15:50:00-06:00,5162.0,
10578,2024-03-01 09:20:00-06:00,5181.5,
10584,2024-03-01 10:20:00-06:00,5186.0,
10590,2024-03-01 11:20:00-06:00,5193.5,
10596,2024-03-01 12:20:00-06:00,5199.25,
10602,2024-03-01 13:20:00-06:00,5210.0,
10608,2024-03-01 14:20:00-06:00,5207.0,
10614,2024-03-01 15:20:00-06:00,5202.25,
10620,2024-03-04 08:50:00-06:00,5202.5,
10626,2024-03-04 09:50:00-06:00,5204.25,
10632,2024-03-04 10:50:00-06:00,5205.25,
10638,2024-03-04 11:50:00-06:00,5207.5,
10644,2024-03-04 12:50:00-06:00,5205.75,
10650,2024-03-04 13:50:00-06:00,5216.25,
10656,2024-03-04 14:50:00-06:00,5200.25,
10662,2024-03-04 15:50:00-06:00,5196.75,
10668,2024-03-05 09:20:00-06:00,5160.25,
10674,2024-03-05 10:20:00-06:00,5157.75,
10680,2024-03-05 11:20:00-06:00,5160.5,
10686,2024-03-05 12:20:00-06:00,5152.75,
10692,2024-03-05 13:20:00-06:00,5146.0,
10698,2024-03-05 14:20:00-06:00,5125.75,
10704,2024-03-05 15:20:00-06:00,5151.25,
10710,2024-03-06 08:50:00-06:00,5174.75,
10716,2024-03-06 09:50:00-06:00,5180.0,
10722,2024-03-06 10:50:00-06:00,5188.0,
10728,2024-03-06 11:50:00-06:00,5189.25,
10734,2024-03-06 12:50:00-06:00,5177.0,
10740,2024-03-06 13:50:00-06:00,5168.0,
10746,2024-03-06 14:50:00-06:00,5174.0,
10752,2024-03-06 15:50:00-06:00,5175.25,
10758,2024-03-07 09:20:00-06:00,5216.25,
10764,2024-03-07 10:20:00-06:00,5219.0,
10770,2024-03-07 11:20:00-06:00,5219.25,
10776,2024-03-07 12:20:00-06:00,5224.5,
10782,2024-03-07 13:20:00-06:00,5226.75,
10788,2024-03-07 14:20:00-06:00,5220.75,
10794,2024-03-07 15:20:00-06:00,5215.75,
10800,2024-03-08 08:50:00-06:00,5252.5,
10806,2024-03-08 09:50:00-06:00,5250.25,
10812,2024-03-08 10:50:00-06:00,5214.5,
10818,2024-03-08 11:50:00-06:00,5199.5,
10824,2024-03-08 12:50:00-06:00,5190.75,
10830,2024-03-08 13:50:00-06:00,5212.75,
10836,2024-03-08 14:50:00-06:00,5192.25,
10842,2024-03-08 15:50:00-06:00,5195.75,
10848,2024-03-11 09:20:00-05:00,5161.75,
10854,2024-03-11 10:20:00-05:00,5166.5,
10860,2024-03-11 11:20:00-05:00,5177.75,
10866,2024-03-11 12:20:00-05:00,5184.75,
10872,2024-03-11 13:20:00-05:00,5184.5,
10878,2024-03-11 14:20:00-05:00,5181.25,
10884,2024-03-11 15:20:00-05:00,5187.75,
10890,2024-03-12 08:50:00-05:00,5206.25,
10896,2024-03-12 09:50:00-05:00,5232.25,
10902,2024-03-12 10:50:00-05:00,5231.75,
10908,2024-03-12 11:50:00-05:00,5216.5,
10914,2024-03-12 12:50:00-05:00,5229.0,
10920,2024-03-12 13:50:00-05:00,5240.5,
10926,2024-03-12 14:50:00-05:00,5241.5,
10932,2024-03-12 15:50:00-05:00,5239.0,
10938,2024-03-13 09:20:00-05:00,5236.5,
10944,2024-03-13 10:20:00-05:00,5232.75,
10950,2024-03-13 11:20:00-05:00,5235.5,
10956,2024-03-13 12:20:00-05:00,5244.5,
10962,2024-03-13 13:20:00-05:00,5241.5,
10968,2024-03-13 14:20:00-05:00,5224.5,
10974,2024-03-13 15:20:00-05:00,5237.0,
10980,2024-03-14 08:50:00-05:00,5209.5,
10986,2024-03-14 09:50:00-05:00,5216.25,
10992,2024-03-14 10:50:00-05:00,5220.0,
10998,2024-03-14 11:50:00-05:00,5208.75,
11004,2024-03-14 12:50:00-05:00,5215.25,
11010,2024-03-14 13:50:00-05:00,5209.0,
11016,2024-03-14 14:50:00-05:00,5220.25,
11022,2024-03-14 15:50:00-05:00,5218.0,
11028,2024-03-15 09:20:00-05:00,5188.75,
11034,2024-03-15 10:20:00-05:00,5191.75,
11040,2024-03-15 11:20:00-05:00,5176.0,
11046,2024-03-15 12:20:00-05:00,5178.0,
11052,2024-03-15 13:20:00-05:00,5180.25,
11058,2024-03-15 14:20:00-05:00,5186.5,
11064,2024-03-15 15:20:00-05:00,5186.5,
11070,2024-03-18 08:50:00-05:00,5223.75,
11076,2024-03-18 09:50:00-05:00,5237.0,
11082,2024-03-18 10:50:00-05:00,5227.5,
11088,2024-03-18 11:50:00-05:00,5220.25,
11094,2024-03-18 12:50:00-05:00,5223.0,
11100,2024-03-18 13:50:00-05:00,5222.75,
11106,2024-03-18 14:50:00-05:00,5215.25,
11112,2024-03-18 15:50:00-05:00,5214.5,
11118,2024-03-19 09:20:00-05:00,5198.25,
11124,2024-03-19 10:20:00-05:00,5210.75,
11130,2024-03-19 11:20:00-05:00,5224.25,
11136,2024-03-19 12:20:00-05:00,5233.0,
11142,2024-03-19 13:20:00-05:00,5234.25,
11148,2024-03-19 14:20:00-05:00,5229.5,
11154,2024-03-19 15:20:00-05:00,5240.5,
11160,2024-03-20 08:50:00-05:00,5237.75,
11166,2024-03-20 09:50:00-05:00,5242.0,
11172,2024-03-20 10:50:00-05:00,5242.0,
11178,2024-03-20 11:50:00-05:00,5244.25,
11184,2024-03-20 12:50:00-05:00,5237.25,
11190,2024-03-20 13:50:00-05:00,5272.5,
11196,2024-03-20 14:50:00-05:00,5287.75,
11202,2024-03-20 15:50:00-05:00,5296.25,
11208,2024-03-21 09:20:00-05:00,5319.25,
11214,2024-03-21 10:20:00-05:00,5315.5,
11220,2024-03-21 11:20:00-05:00,5321.75,
11226,2024-03-21 12:20:00-05:00,5315.25,
11232,2024-03-21 13:20:00-05:00,5311.75,
11238,2024-03-21 14:20:00-05:00,5309.0,
11244,2024-03-21 15:20:00-05:00,5308.0,
11250,2024-03-22 08:50:00-05:00,5297.75,
11256,2024-03-22 09:50:00-05:00,5290.25,
11262,2024-03-22 10:50:00-05:00,5296.75,
11268,2024-03-22 11:50:00-05:00,5298.25,
11274,2024-03-22 12:50:00-05:00,5305.5,
11280,2024-03-22 13:50:00-05:00,5301.75,
11286,2024-03-22 14:50:00-05:00,5292.0,
11292,2024-03-22 15:50:00-05:00,5289.5,
11298,2024-03-25 09:20:00-05:00,5283.0,
11304,2024-03-25 10:20:00-05:00,5285.0,
11310,2024-03-25 11:20:00-05:00,5284.0,
11316,2024-03-25 12:20:00-05:00,5284.25,
11322,2024-03-25 13:20:00-05:00,5287.75,
11328,2024-03-25 14:20:00-05:00,5281.75,
11334,2024-03-25 15:20:00-05:00,5279.0,
11340,2024-03-26 08:50:00-05:00,5290.25,
11346,2024-03-26 09:50:00-05:00,5291.25,
11352,2024-03-26 10:50:00-05:00,5292.25,
11358,2024-03-26 11:50:00-05:00,5287.25,
11364,2024-03-26 12:50:00-05:00,5285.0,
11370,2024-03-26 13:50:00-05:00,5287.0,
11376,2024-03-26 14:50:00-05:00,5266.25,
11382,2024-03-26 15:50:00-05:00,5272.5,
11388,2024-03-27 09:20:00-05:00,5275.25,
11394,2024-03-27 10:20:00-05:00,5273.0,
11400,2024-03-27 11:20:00-05:00,5277.0,
11406,2024-03-27 12:20:00-05:00,5279.75,
11412,2024-03-27 13:20:00-05:00,5285.5,
11418,2024-03-27 14:20:00-05:00,5286.25,
11424,2024-03-27 15:20:00-05:00,5311.5,
11430,2024-03-28 08:50:00-05:00,5310.0,
11436,2024-03-28 09:50:00-05:00,5312.5,
11442,2024-03-28 10:50:00-05:00,5314.75,
11448,2024-03-28 11:50:00-05:00,5310.25,
11454,2024-03-28 12:50:00-05:00,5309.5,
11460,2024-03-28 13:50:00-05:00,5316.5,
11466,2024-03-28 14:50:00-05:00,5305.5,
11472,2024-03-28 15:50:00-05:00,5304.25,
11478,2024-04-01 09:20:00-05:00,5303.25,
11484,2024-04-01 10:20:00-05:00,5293.5,
11490,2024-04-01 11:20:00-05:00,5292.75,
11496,2024-04-01 12:20:00-05:00,5288.75,
11502,2024-04-01 13:20:00-05:00,5291.5,
11508,2024-04-01 14:20:00-05:00,5291.5,
11514,2024-04-01 15:20:00-05:00,5292.0,
11520,2024-04-02 08:50:00-05:00,5246.75,
11526,2024-04-02 09:50:00-05:00,5240.25,
11532,2024-04-02 10:50:00-05:00,5242.0,
11538,2024-04-02 11:50:00-05:00,5250.75,
11544,2024-04-02 12:50:00-05:00,5248.75,
11550,2024-04-02 13:50:00-05:00,5249.25,
11556,2024-04-02 14:50:00-05:00,5261.0,
11562,2024-04-02 15:50:00-05:00,5262.25,
11568,2024-04-03 09:20:00-05:00,5275.0,
11574,2024-04-03 10:20:00-05:00,5279.5,
11580,2024-04-03 11:20:00-05:00,5277.5,
11586,2024-04-03 12:20:00-05:00,5277.25,
11592,2024-04-03 13:20:00-05:00,5273.0,
11598,2024-04-03 14:20:00-05:00,5256.25,
11604,2024-04-03 15:20:00-05:00,5270.5,
11610,2024-04-04 08:50:00-05:00,5298.0,
11616,2024-04-04 09:50:00-05:00,5296.75,
11622,2024-04-04 10:50:00-05:00,5302.25,
11628,2024-04-04 11:50:00-05:00,5304.25,
11634,2024-04-04 12:50:00-05:00,5287.75,
11640,2024-04-04 13:50:00-05:00,5226.5,
11646,2024-04-04 14:50:00-05:00,5197.5,
11652,2024-04-04 15:50:00-05:00,5197.25,
11658,2024-04-05 09:20:00-05:00,5221.25,
11664,2024-04-05 10:20:00-05:00,5246.0,
11670,2024-04-05 11:20:00-05:00,5264.25,
11676,2024-04-05 12:20:00-05:00,5260.5,
11682,2024-04-05 13:20:00-05:00,5246.0,
11688,2024-04-05 14:20:00-05:00,5249.5,
11694,2024-04-05 15:20:00-05:00,5253.75,
11700,2024-04-08 08:50:00-05:00,5255.0,
11706,2024-04-08 09:50:00-05:00,5267.0,
11712,2024-04-08 10:50:00-05:00,5254.0,
11718,2024-04-08 11:50:00-05:00,5261.25,
11724,2024-04-08 12:50:00-05:00,5260.0,
11730,2024-04-08 13:50:00-05:00,5259.75,
11736,2024-04-08 14:50:00-05:00,5254.5,
11742,2024-04-08 15:50:00-05:00,5257.25,
11748,2024-04-09 09:20:00-05:00,5242.0,
11754,2024-04-09 10:20:00-05:00,5225.25,
11760,2024-04-09 11:20:00-05:00,5239.0,
11766,2024-04-09 12:20:00-05:00,5238.0,
11772,2024-04-09 13:20:00-05:00,5232.75,
11778,2024-04-09 14:20:00-05:00,5252.0,
11784,2024-04-09 15:20:00-05:00,5266.25,
11790,2024-04-10 08:50:00-05:00,5204.75,
11796,2024-04-10 09:50:00-05:00,5209.25,
11802,2024-04-10 10:50:00-05:00,5197.5,
11808,2024-04-10 11:50:00-05:00,5206.0,
11814,2024-04-10 12:50:00-05:00,5202.0,
11820,2024-04-10 13:50:00-05:00,5190.25,
11826,2024-04-10 14:50:00-05:00,5205.5,
11832,2024-04-10 15:50:00-05:00,5203.75,
11838,2024-04-11 09:20:00-05:00,5186.75,
11844,2024-04-11 10:20:00-05:00,5197.25,
11850,2024-04-11 11:20:00-05:00,5210.5,
11856,2024-04-11 12:20:00-05:00,5237.5,
11862,2024-04-11 13:20:00-05:00,5253.5,
11868,2024-04-11 14:20:00-05:00,5251.5,
11874,2024-04-11 15:20:00-05:00,5245.0,
11880,2024-04-12 08:50:00-05:00,5213.75,
11886,2024-04-12 09:50:00-05:00,5183.0,
11892,2024-04-12 10:50:00-05:00,5194.25,
11898,2024-04-12 11:50:00-05:00,5165.25,
11904,2024-04-12 12:50:00-05:00,5164.5,
11910,2024-04-12 13:50:00-05:00,5155.5,
11916,2024-04-12 14:50:00-05:00,5168.0,
11922,2024-04-12 15:50:00-05:00,5166.75,
11928,2024-04-15 09:20:00-05:00,5185.5,
11934,2024-04-15 10:20:00-05:00,5175.25,
11940,2024-04-15 11:20:00-05:00,5165.25,
11946,2024-04-15 12:20:00-05:00,5124.25,
11952,2024-04-15 13:20:00-05:00,5109.5,
11958,2024-04-15 14:20:00-05:00,5101.0,
11964,2024-04-15 15:20:00-05:00,5098.75,
11970,2024-04-16 08:50:00-05:00,5102.5,
11976,2024-04-16 09:50:00-05:00,5088.5,
11982,2024-04-16 10:50:00-05:00,5100.25,
11988,2024-04-16 11:50:00-05:00,5103.0,
11994,2024-04-16 12:50:00-05:00,5096.75,
12000,2024-04-16 13:50:00-05:00,5116.0,
12006,2024-04-16 14:50:00-05:00,5092.25,
12012,2024-04-16 15:50:00-05:00,5094.75,
99,,,4248.75
100,,,4249.75
101,,,4249.00
103,,,4258.25
104,,,4257.50
105,,,4232.25
106,,,4246.25
107,,,4251.25
109,,,4272.25
110,,,4276.00
111,,,4272.00
112,,,4276.00
113,,,4239.00
115,,,4239.50
116,,,4259.50
117,,,4265.50
118,,,4268.50
119,,,4276.25
121,,,4274.50
122,,,4278.25
123,,,4278.25
124,,,4279.75
125,,,4286.75
127,,,4273.25
128,,,4308.25
129,,,4308.25
130,,,4304.25
131,,,4304.75
133,,,4300.75
134,,,4300.75
135,,,4306.25
136,,,4315.25
137,,,4305.50
139,,,4308.25
140,,,4299.75
141,,,4317.50
142,,,4326.25
143,,,4339.75
145,,,4310.50
146,,,4318.50
147,,,4329.50
148,,,4318.50
149,,,4329.50
151,,,4313.25
152,,,4314.00
153,,,4318.00
154,,,4322.00
155,,,4326.00
157,,,4316.00
158,,,4295.00
159,,,4309.00
160,,,4307.75
161,,,4307.75
163,,,4297.75
164,,,4299.00
165,,,4306.00
166,,,4302.25
167,,,4293.50
169,,,4308.25
170,,,4304.25
171,,,4305.00
172,,,4309.00
173,,,4313.75
175,,,4288.50
176,,,4298.50
177,,,4297.50
178,,,4301.50
179,,,4305.50
181,,,4303.50
182,,,4300.75
183,,,4273.25
184,,,4248.75
185,,,4244.50
187,,,4248.50
188,,,4242.50
189,,,4233.25
190,,,4246.25
191,,,4238.25
193,,,4214.00
194,,,4218.00
195,,,4299.00
196,,,4255.75
197,,,4260.25
199,,,4300.75
200,,,4300.75
201,,,4300.75
202,,,4300.75
203,,,4298.75
205,,,4321.00
206,,,4300.75
207,,,4300.75
208,,,4321.50
209,,,4333.50
211,,,4347.25
212,,,4335.00
213,,,4345.00
214,,,4351.00
215,,,4344.75
217,,,4335.50
218,,,4319.00
219,,,4258.00
220,,,4254.75
221,,,4266.75
223,,,4284.75
224,,,4282.75
225,,,4305.00
226,,,4300.75
227,,,4300.75
229,,,4300.75
230,,,4300.75
231,,,4257.75
232,,,4253.25
233,,,4300.75
235,,,4209.75
236,,,4225.75
237,,,4222.75
238,,,4300.75
239,,,4300.75
241,,,4300.75
242,,,4300.75
243,,,4300.75
244,,,4300.75
245,,,4300.75
247,,,4300.75
248,,,4282.75
249,,,4280.75
250,,,4286.75
251,,,4284.75
253,,,4292.75
254,,,4290.75
255,,,4300.75
256,,,4272.75
257,,,4274.75
259,,,4274.75
260,,,4284.75
261,,,4275.75
262,,,4272.00
263,,,4284.75
265,,,4275.75
266,,,4265.75
267,,,4260.25
268,,,4278.25
269,,,4284.50
271,,,4265.50
272,,,4273.00
273,,,4273.00
274,,,4265.25
275,,,4263.50
277,,,4282.00
278,,,4300.75
279,,,4274.75
280,,,4275.25
281,,,4257.00
283,,,4255.75
284,,,4265.75
285,,,4305.00
286,,,4272.00
287,,,4282.00
289,,,4273.75
290,,,4274.00
291,,,4285.00
292,,,4293.00
293,,,4276.75
295,,,4266.50
296,,,4270.00
297,,,4276.25
298,,,4276.75
299,,,4266.50
301,,,4274.75
302,,,4282.50
303,,,4276.75
304,,,4311.25
305,,,4315.75
307,,,4310.75
308,,,4307.50
309,,,4333.75
310,,,4335.75
311,,,4320.00
313,,,4315.25
314,,,4352.75
315,,,4355.75
316,,,4365.75
317,,,4345.75
319,,,4355.25
320,,,4345.00
321,,,4350.00
322,,,4345.00
323,,,4335.00
325,,,4337.50
326,,,4332.75
327,,,4338.25
328,,,4342.00
329,,,4332.75
331,,,4322.75
332,,,4322.75
333,,,4315.50
334,,,4305.75
335,,,4287.25
337,,,4284.25
338,,,4255.50
339,,,4246.00
340,,,4246.50
341,,,4245.25
343,,,4250.75
344,,,4255.25
345,,,4280.00
346,,,4274.00
347,,,4280.25
349,,,4287.50
350,,,4296.50
351,,,4297.50
352,,,4290.50
353,,,4315.00
355,,,4338.00
356,,,4344.50
357,,,4344.50
358,,,4350.25
359,,,4304.25
361,,,4380.75
362,,,4382.00
363,,,4382.50
364,,,4376.50
365,,,4375.25
367,,,4394.25
368,,,4366.50
369,,,4353.25
370,,,4352.50
371,,,4352.75
373,,,4366.25
374,,,4578.00
375,,,4295.75
376,,,4364.25
377,,,4383.50
379,,,4395.50
380,,,4402.50
381,,,4405.75
382,,,4403.75
383,,,4426.50
385,,,4462.00
386,,,4465.25
387,,,4465.50
388,,,4468.50
389,,,4464.25
391,,,4466.50
392,,,4476.50
393,,,4482.75
394,,,4480.50
395,,,4466.50
397,,,4461.00
398,,,4453.75
399,,,4469.50
400,,,4633.00
401,,,4624.25
403,,,4625.25
404,,,4630.50
405,,,4632.50
406,,,4479.50
407,,,4476.25
409,,,4472.50
410,,,4476.25
411,,,4503.50
412,,,4502.75
413,,,4486.75
415,,,4493.50
416,,,4494.25
417,,,4492.00
418,,,4435.50
419,,,4494.75
421,,,4503.25
422,,,4506.50
423,,,4510.00
424,,,4525.25
425,,,4532.75
427,,,4545.75
428,,,4549.50
429,,,4555.50
430,,,4554.25
431,,,4545.25
433,,,4555.50
434,,,4564.75
435,,,4583.75
436,,,4576.25
437,,,4565.75
439,,,4556.25
440,,,4578.25
441,,,4569.25
442,,,4583.25
443,,,4595.75
445,,,4596.50
446,,,4634.50
447,,,4631.25
448,,,4611.25
449,,,4622.25
451,,,4616.25
452,,,4621.50
453,,,4614.50
454,,,4604.25
455,,,4518.00
457,,,4563.50
458,,,4568.25
459,,,4584.75
460,,,4584.25
461,,,4581.25
463,,,4576.25
464,,,4557.00
465,,,4555.75
466,,,4562.75
467,,,4556.25
469,,,4567.50
470,,,4551.50
471,,,4550.25
472,,,4548.50
473,,,4560.25
475,,,4559.50
476,,,4565.75
477,,,4566.75
478,,,4572.25
479,,,4536.50
481,,,4546.25
482,,,4546.75
483,,,4541.50
484,,,4529.75
485,,,4526.50
487,,,4535.25
488,,,4531.25
489,,,4522.75
490,,,4522.75
491,,,4530.75
493,,,4519.50
494,,,4526.25
495,,,4542.25
496,,,4546.25
497,,,4556.25
499,,,4572.00
500,,,4563.75
501,,,4556.25
502,,,4564.25
503,,,4572.00
505,,,4559.25
506,,,4559.25
507,,,4569.75
508,,,4574.75
509,,,4573.25
511,,,4586.75
512,,,4586.50
513,,,4575.75
514,,,4582.75
515,,,4590.50
517,,,4634.25
518,,,4633.75
519,,,4643.75
520,,,4646.50
521,,,4646.75
523,,,4519.50
524,,,4642.50
